"region";"1992 Omsetninger (antall)";"1992 Samlet kjøpesum (1 000 kr)";"1992 Gjennomsnittlig kjøpesum per omsetning (1 000 kr)";"2022 Omsetninger (antall)";"2022 Samlet kjøpesum (1 000 kr)";"2022 Gjennomsnittlig kjøpesum per omsetning (1 000 kr)"
"1262 OSLO";"0";"0";"0";"1";"3013";".."
"5410 SAGVÅG";"0";"0";"0";"3";"5698";".."
"4311 HOMMERSÅK";"7";"3631";"..";"3";"10544";".."
"5847 BERGEN";"0";"0";"0";"2";"5965";".."
"4507 MANDAL";"0";"0";"0";"1";"2866";".."
"1515 MOSS";"0";"0";"0";"0";"0";"0"
"5595 FØRRESFJORDEN";"0";"0";"0";"4";"8077";".."
"1395 HVALSTAD";"0";"0";"0";"2";"4258";".."
"0464 OSLO";"2";"1243";"..";"2";"..";".."
"1830 ASKIM";"2";"874";"..";"4";"11052";".."
"7583 SELBU";"0";"0";"0";"11";"32833";".."
"1006 OSLO";"0";"0";"0";"8";"10690";".."
"4407 FLEKKEFJORD";"2";"..";"..";"2";"3755";".."
"1926 BLAKER";"1";"459";"..";"6";"10087";".."
"8531 BJERKVIK";"2";"544";"..";"5";"8968";".."
"2364 NÆROSET";"3";"925";"..";"5";"22761";".."
"6524 FREI";"1";"219";"..";"11";"30944";".."
"9516 ALTA";"0";"0";"0";"35";"51413";".."
"8210 FAUSKE";"2";"487";"..";"1";"..";".."
"3269 LARVIK";"3";"618";"..";"1";"..";".."
"7060 CHARLOTTENLUND";"4";"1670";"..";"6";"13819";".."
"7056 RANHEIM";"3";"1189";"..";"6";"18432";".."
"3013 DRAMMEN";"2";"679";"..";"3";"6499";".."
"1162 OSLO";"2";"580";"..";"7";"25409";".."
"5221 NESTTUN";"8";"1518";"..";"8";"15632";".."
"9537 TVERRELVDALEN";"0";"0";"0";"9";"27615";".."
"9541 ALTA";"0";"0";"0";"0";"0";"0"
"8209 FAUSKE";"2";"..";"..";"3";"15711";".."
"1295 OSLO";"0";"0";"0";"7";"28508";".."
"7602 LEVANGER";"8";"2243";"..";"5";"11505";".."
"9524 KAUTOKEINO";"0";"0";"0";"2";"..";".."
"1580 RYGGE";"3";"..";"..";"5";"10522";".."
"2613 LILLEHAMMER";"7";"2046";"..";"11";"30886";".."
"9169 BURFJORD";"0";"0";"0";"8";"28692";".."
"1340 SKUI";"0";"0";"0";"9";"24825";".."
"6772 NORDFJORDEID";"2";"473";"..";"8";"12378";".."
"1816 Vevelstad";"2";"..";"..";"6";"9920";".."
"5033 Tydal";"0";"0";"0";"9";"13660";".."
"7820 SPILLUM";"0";"0";"0";"9";"29808";".."
"5475 ÆNES";"0";"0";"0";"0";"0";"0"
"0580 OSLO";"3";"1551";"..";"7";"23681";".."
"1455 NORDRE FROGN";"10";"4098";"..";"18";"54593";".."
"1839 Beiarn";"3";"650";"..";"6";"8805";".."
"0665 OSLO";"0";"0";"0";"0";"0";"0"
"5020 BERGEN";"4";"..";"..";"4";"10660";".."
"7994 LEKA";"0";"0";"0";"3";"7849";".."
"3426 GULLAUG";"0";"0";"0";"14";"43522";".."
"1061 OSLO";"8";"3732";"..";"52";"82136";".."
"6388 VÅGSTRANDA";"0";"0";"0";"4";"5384";".."
"5052 Leka";"0";"0";"0";"3";"2500";".."
"9106 STRAUMSBUKTA";"4";"684";"..";"8";"..";".."
"9013 TROMSØ";"0";"0";"0";"0";"0";"0"
"2383 BRUMUNDDAL";"5";"2008";"..";"9";"27514";".."
"5382 SKOGSVÅG";"4";"..";"..";"4";"..";".."
"8184 ÅGSKARDET";"7";"..";"..";"30";"73037";".."
"6520 FREI";"1";"..";"..";"1";"1587";".."
"8820 DØNNA";"3";"..";"..";"6";"23038";".."
"5043 Raarvihke - Røyrvik";"0";"0";"0";"4";"2627";".."
"1151 Utsira";"2";"..";"..";"1";"..";".."
"0962 OSLO";"8";"3629";"..";"17";"44746";".."
"7051 TRONDHEIM";"8";"2184";"..";"6";"19243";".."
"5569 BOKN";"4";"2165";"..";"2";"6426";".."
"5705 VOSS";"5";"1115";"..";"13";"29323";".."
"4934 NES VERK";"2";"..";"..";"9";"24852";".."
"6814 FØRDE";"0";"0";"0";"0";"0";"0"
"1189 OSLO";"0";"0";"0";"3";"..";".."
"5067 BERGEN";"0";"0";"0";"8";"19376";".."
"6919 TANSØY";"0";"0";"0";"5";"..";".."
"1857 Værøy";"6";"710";"..";"10";"11040";".."
"1487 HAKADAL";"2";"714";"..";"1";"2532";".."
"1827 Dønna";"6";"1789";"..";"21";"34290";".."
"9370 SILSAND";"4";"1259";"..";"8";"24542";".."
"7633 FROSTA";"0";"0";"0";"14";"39189";".."
"2440 ENGERDAL";"2";"..";"..";"9";"10562";".."
"7357 SKAUN";"0";"0";"0";"4";"3462";".."
"0150 OSLO";"1";"540";"..";"6";"9984";".."
"8110 MOLDJORD";"3";"723";"..";"4";"12847";".."
"7634 FROSTA";"0";"0";"0";"9";"19030";".."
"8696 HATTFJELLDAL";"0";"0";"0";"11";"..";".."
"1808 ASKIM";"0";"0";"0";"4";"7542";".."
"1836 Rødøy";"4";"930";"..";"9";"10930";".."
"2332 ÅSVANG";"1";"545";"..";"6";"19127";".."
"5042 Lierne";"0";"0";"0";"10";"11160";".."
"0276 OSLO";"5";"2052";"..";"14";"45758";".."
"2071 RÅHOLT";"0";"0";"0";"13";"43631";".."
"8723 HUSBY";"0";"0";"0";"0";"0";"0"
"5816 BERGEN";"4";"2064";"..";"3";"..";".."
"7417 TRONDHEIM";"5";"..";"..";"21";"64979";".."
"0129 OSLO";"7";"..";"..";"31";"154092";".."
"8250 ROGNAN";"2";"705";"..";"1";"2562";".."
"7287 SAUØY";"0";"0";"0";"12";"33640";".."
"9148 OLDERDALEN";"5";"1085";"..";"3";"7459";".."
"2209 KONGSVINGER";"2";"498";"..";"6";"17663";".."
"5849 BERGEN";"0";"0";"0";"6";"24233";".."
"1856 Røst";"1";"..";"..";"6";"7800";".."
"4367 NÆRBØ";"2";"1203";"..";"8";"14939";".."
"1161 OSLO";"0";"0";"0";"0";"0";"0"
"9184 REINFJORD";"0";"0";"0";"16";"81830";".."
"7033 TRONDHEIM";"1";"350";"..";"5";"13583";".."
"5718 MYRDAL";"0";"0";"0";"24";"69405";".."
"5636 VARALDSØY";"5";"2851";"..";"3";"15979";".."
"8056 SALTSTRAUMEN";"2";"1348";"..";"8";"16882";".."
"2018 LØVENSTAD";"11";"5918";"..";"15";"..";".."
"5408 SAGVÅG";"0";"0";"0";"6";"..";".."
"8360 BØSTAD";"2";"..";"..";"8";"22552";".."
"7452 TRONDHEIM";"0";"0";"0";"20";"102727";".."
"5730 ULVIK";"0";"0";"0";"12";"42683";".."
"3001 DRAMMEN";"2";"954";"..";"26";"55449";".."
"1835 Træna";"4";"1600";"..";"4";"5100";".."
"8255 RØKLAND";"3";"590";"..";"10";"37449";".."
"4869 DØLEMO";"7";"1148";"..";"6";"12809";".."
"0552 OSLO";"0";"0";"0";"6";"15030";".."
"7450 TRONDHEIM";"1";"..";"..";"1";"..";".."
"3615 KONGSBERG";"7";"5086";"..";"21";"65707";".."
"3450 Etnedal";"0";"0";"0";"23";"29670";".."
"5075 BERGEN";"5";"1711";"..";"12";"24452";".."
"2901 FAGERNES";"0";"0";"0";"17";"44760";".."
"1531 MOSS";"12";"3314";"..";"18";"19385";".."
"3452 Vestre Slidre";"0";"0";"0";"11";"24580";".."
"4009 STAVANGER";"0";"0";"0";"14";"49738";".."
"1763 HALDEN";"0";"0";"0";"13";"22843";".."
"7745 OPPLAND";"6";"2217";"..";"22";"28113";".."
"3302 HOKKSUND";"0";"0";"0";"3";"9214";".."
"3525 HALLINGBY";"6";"3429";"..";"3";"..";".."
"9611 RYPEFJORD";"0";"0";"0";"20";"55970";".."
"5991 OSTEREIDET";"10";"2025";"..";"8";"15571";".."
"3135 TORØD";"6";"3389";"..";"31";"72626";".."
"4633 Fedje";"0";"0";"0";"9";"21175";".."
"9154 STORSLETT";"0";"0";"0";"3";"4589";".."
"7808 NAMSOS";"4";"1478";"..";"6";"14692";".."
"3243 KODAL";"2";"..";"..";"3";"3032";".."
"5308 KLEPPESTØ";"4";"..";"..";"9";"35389";".."
"7358 BØRSA";"6";"3271";"..";"7";"9075";".."
"6060 HAREID";"0";"0";"0";"6";"22830";".."
"5044 Namsskogan";"0";"0";"0";"17";"16825";".."
"5176 LODDEFJORD";"0";"0";"0";"0";"0";"0"
"1204 OSLO";"2";"..";"..";"2";"..";".."
"4490 KVINESDAL";"7";"1950";"..";"21";"57044";".."
"8502 NARVIK";"3";"..";"..";"7";"16344";".."
"4661 KRISTIANSAND S";"3";"..";"..";"12";"28466";".."
"6847 VASSENDEN";"6";"2729";"..";"9";"13524";".."
"0166 OSLO";"12";"2995";"..";"14";"42227";".."
"6994 NESSANE";"0";"0";"0";"23";"37588";".."
"2742 GRUA";"0";"0";"0";"30";"128344";".."
"6907 FLORØ";"10";"6409";"..";"9";"16435";".."
"6293 LONGVA";"0";"0";"0";"21";"44846";".."
"2301 HAMAR";"2";"701";"..";"3";"..";".."
"0870 OSLO";"0";"0";"0";"13";"32828";".."
"7347 OPPDAL";"3";"..";"..";"4";"10218";".."
"8215 VALNESFJORD";"0";"0";"0";"1";"..";".."
"3512 HØNEFOSS";"2";"..";"..";"7";"25891";".."
"1826 Aarborte - Hattfjelldal";"6";"1598";"..";"7";"7345";".."
"2501 TYNSET";"0";"0";"0";"27";"93638";".."
"4802 ARENDAL";"0";"0";"0";"0";"0";"0"
"6829 HYEN";"0";"0";"0";"8";"16028";".."
"7416 TRONDHEIM";"2";"1089";"..";"5";"..";".."
"7601 LEVANGER";"0";"0";"0";"17";"25554";".."
"4636 Solund";"0";"0";"0";"12";"25336";".."
"2680 VÅGÅ";"0";"0";"0";"3";"5020";".."
"1785 HALDEN";"0";"0";"0";"5";"13666";".."
"3425 Engerdal";"0";"0";"0";"3";"3550";".."
"6855 FRØNNINGEN";"0";"0";"0";"0";"0";"0"
"0516 OSLO";"0";"0";"0";"4";"7866";".."
"3835 SELJORD";"2";"262";"..";"27";"24513";".."
"6518 KRISTIANSUND N";"3";"..";"..";"5";"..";".."
"7018 TRONDHEIM";"0";"0";"0";"9";"26832";".."
"5984 MATREDAL";"0";"0";"0";"31";"111887";".."
"5460 HUSNES";"9";"3977";"..";"7";"13047";".."
"6819 FØRDE";"3";"1119";"..";"1";"1660";".."
"8340 STAMSUND";"4";"1850";"..";"0";"0";"0"
"8804 SANDNESSJØEN";"7";"3501";"..";"12";"25202";".."
"4398 SANDNES";"0";"0";"0";"2";"..";".."
"5033 BERGEN";"7";"3551";"..";"11";"27931";".."
"1608 FREDRIKSTAD";"0";"0";"0";"0";"0";"0"
"1890 RAKKESTAD";"5";"1537";"..";"12";"34717";".."
"7748 SETER";"0";"0";"0";"8";"33955";".."
"8684 TROFORS";"0";"0";"0";"7";"14459";".."
"5685 UGGDAL";"3";"..";"..";"5";"..";".."
"1521 MOSS";"0";"0";"0";"18";"46348";".."
"0463 OSLO";"0";"0";"0";"12";"33040";".."
"4634 Masfjorden";"0";"0";"0";"7";"10875";".."
"2825 GJØVIK";"0";"0";"0";"0";"0";"0"
"9487 HARSTAD";"0";"0";"0";"32";"71610";".."
"5528 HAUGESUND";"0";"0";"0";"4";"11837";".."
"7303 ORKANGER";"7";"2096";"..";"3";"..";".."
"2939 HEGGENES";"0";"0";"0";"8";"22164";".."
"3914 PORSGRUNN";"0";"0";"0";"0";"0";"0"
"3002 DRAMMEN";"8";"2299";"..";"6";"23131";".."
"6784 OLDEN";"0";"0";"0";"6";"28983";".."
"7740 STEINSDALEN";"3";"1380";"..";"6";"7673";".."
"9672 INGØY";"11";"2460";"..";"11";"22483";".."
"8012 BODØ";"2";"1046";"..";"6";"6967";".."
"9012 TROMSØ";"3";"1352";"..";"7";"21849";".."
"9304 VANGSVIK";"0";"0";"0";"7";"12000";".."
"3080 HOLMESTRAND";"0";"0";"0";"11";"..";".."
"1618 FREDRIKSTAD";"0";"0";"0";"3";"10126";".."
"8740 NORDSOLVÆR";"0";"0";"0";"38";"105262";".."
"3551 GOL";"4";"..";"..";"6";"9000";".."
"8038 BODØ";"8";"2074";"..";"17";"64048";".."
"4198 FOLDØY";"3";"..";"..";"4";"..";".."
"0478 OSLO";"5";"3160";"..";"11";"25148";".."
"9021 TROMSDALEN";"4";"2399";"..";"7";"28564";".."
"5876 BERGEN";"1";"520";"..";"13";"51978";".."
"4327 SANDNES";"6";"2769";"..";"14";"37964";".."
"5770 TYSSEDAL";"0";"0";"0";"5";"10434";".."
"0982 OSLO";"5";"935";"..";"42";"88641";".."
"8724 SAURA";"0";"0";"0";"8";"13019";".."
"4169 SØRBOKN";"3";"880";"..";"7";"15086";".."
"2317 HAMAR";"5";"1396";"..";"9";"..";".."
"5646 NORDTVEITGREND";"5";"2405";"..";"10";"38312";".."
"5566 HERVIK";"1";"..";"..";"4";"9641";".."
"4264 KVALAVÅG";"6";"..";"..";"8";"24139";".."
"1815 ASKIM";"0";"0";"0";"22";"73658";".."
"7465 TRONDHEIM";"2";"911";"..";"4";"..";".."
"1281 OSLO";"5";"1770";"..";"9";"24496";".."
"1375 BILLINGSTAD";"0";"0";"0";"3";"8754";".."
"0680 OSLO";"0";"0";"0";"21";"..";".."
"1811 Bindal";"8";"1940";"..";"12";"9419";".."
"5134 FLAKTVEIT";"0";"0";"0";"28";"76686";".."
"1431 ÅS";"0";"0";"0";"11";"18925";".."
"8003 BODØ";"0";"0";"0";"23";"85075";".."
"9925 SVANVIK";"14";"2626";"..";"15";"42836";".."
"5877 BERGEN";"0";"0";"0";"17";"25311";".."
"9379 GRYLLEFJORD";"0";"0";"0";"19";"40458";".."
"7486 TRONDHEIM";"0";"0";"0";"7";"19062";".."
"3063 DRAMMEN";"4";"1897";"..";"16";"24506";".."
"6512 KRISTIANSUND N";"0";"0";"0";"12";"33824";".."
"1424 SKI";"9";"3158";"..";"3";"..";".."
"1514 Sande";"4";"828";"..";"26";"38334";".."
"9395 KALDFARNES";"5";"1102";"..";"5";"12741";".."
"0510 OSLO";"10";"4254";"..";"5";"18670";".."
"5630 STRANDEBARM";"0";"0";"0";"8";"25640";".."
"2424 ØSTBY";"0";"0";"0";"14";"20706";".."
"3089 HOLMESTRAND";"0";"0";"0";"32";"102638";".."
"5243 FANA";"0";"0";"0";"0";"0";"0"
"3748 SILJAN";"13";"..";"..";"6";"28393";".."
"5803 BERGEN";"4";"1929";"..";"6";"..";".."
"2355 GAUPEN";"0";"0";"0";"0";"0";"0"
"2094 MINNESUND";"0";"0";"0";"6";"20838";".."
"6789 LOEN";"8";"4715";"..";"21";"34536";".."
"6415 MOLDE";"6";"3473";"..";"10";"23383";".."
"4878 GRIMSTAD";"4";"1386";"..";"15";"47614";".."
"4221 Valle";"0";"0";"0";"10";"16362";".."
"6719 SKATESTRAUMEN";"0";"0";"0";"17";"33491";".."
"4301 SANDNES";"5";"1125";"..";"4";"..";".."
"1581 RYGGE";"0";"0";"0";"0";"0";"0"
"7402 TRONDHEIM";"4";"1121";"..";"4";"..";".."
"4748 RYSSTAD";"4";"..";"..";"4";"..";".."
"4007 STAVANGER";"3";"1585";"..";"7";"16785";".."
"5844 BERGEN";"3";"..";"..";"25";"53447";".."
"7471 TRONDHEIM";"6";"2354";"..";"6";"..";".."
"5583 VIKEDAL";"0";"0";"0";"0";"0";"0"
"3690 HJARTDAL";"3";"..";"..";"13";"18516";".."
"7013 TRONDHEIM";"8";"3338";"..";"9";"15662";".."
"8260 INNHAVET";"7";"3111";"..";"25";"63577";".."
"3429 Folldal";"0";"0";"0";"12";"17710";".."
"4020 STAVANGER";"0";"0";"0";"0";"0";"0"
"8890 LEIRFJORD";"10";"3493";"..";"43";"162180";".."
"8611 MO I RANA";"6";"1907";"..";"6";"16509";".."
"0468 OSLO";"6";"2066";"..";"5";"8579";".."
"6394 FIKSDAL";"0";"0";"0";"12";"30213";".."
"5397 BEKKJARVIK";"11";"2288";"..";"13";"8868";".."
"3426 Tolga";"0";"0";"0";"13";"16590";".."
"4355 KVERNALAND";"0";"0";"0";"21";"79863";".."
"2388 BRUMUNDDAL";"0";"0";"0";"0";"0";"0"
"0120 OSLO";"0";"0";"0";"3";"12083";".."
"1815 Vega";"5";"1180";"..";"7";"11055";".."
"3431 Dovre";"0";"0";"0";"23";"39330";".."
"3476 SÆTRE";"0";"0";"0";"11";"23949";".."
"3024 DRAMMEN";"0";"0";"0";"16";"55681";".."
"8630 STORFORSHEIA";"0";"0";"0";"9";"10360";".."
"5307 ASK";"3";"778";"..";"12";"37980";".."
"1009 OSLO";"0";"0";"0";"0";"0";"0"
"1709 SARPSBORG";"0";"0";"0";"9";"18452";".."
"5031 BERGEN";"4";"1473";"..";"10";"33108";".."
"3730 SKIEN";"0";"0";"0";"3";"..";".."
"5709 VOSS";"23";"3888";"..";"83";"165699";".."
"2550 OS I ØSTERDALEN";"0";"0";"0";"22";"62866";".."
"0286 OSLO";"0";"0";"0";"19";"35891";".."
"9268 TROMSØ";"6";"1309";"..";"17";"70462";".."
"8178 HALSA";"0";"0";"0";"18";"60401";".."
"6527 FREI";"0";"0";"0";"7";"31997";".."
"6729 KALVÅG";"2";"588";"..";"7";"35710";".."
"4889 FEVIK";"6";"2797";"..";"7";"10784";".."
"4220 Bygland";"0";"0";"0";"23";"30305";".."
"5809 BERGEN";"13";"6457";"..";"26";"99010";".."
"3514 HØNEFOSS";"0";"0";"0";"13";"55868";".."
"6885 ÅRDALSTANGEN";"4";"728";"..";"5";"11665";".."
"1650 SELLEBAKK";"0";"0";"0";"7";"13156";".."
"5346 ÅGOTNES";"0";"0";"0";"8";"9082";".."
"5955 LINDÅS";"0";"0";"0";"17";"33789";".."
"1704 SARPSBORG";"0";"0";"0";"0";"0";"0"
"3427 GULLAUG";"0";"0";"0";"8";"17187";".."
"4637 Hyllestad";"0";"0";"0";"9";"24790";".."
"0440 OSLO";"4";"..";"..";"7";"10414";".."
"5020 Osen";"0";"0";"0";"12";"16860";".."
"2649 ØSTRE GAUSDAL";"0";"0";"0";"0";"0";"0"
"3210 SANDEFJORD";"3";"1572";"..";"23";"38629";".."
"8057 SALTSTRAUMEN";"12";"2974";"..";"19";"70959";".."
"8845 SELØY";"7";"3545";"..";"19";"32993";".."
"7175 STOKKØY";"9";"2881";"..";"22";"68448";".."
"0383 OSLO";"0";"0";"0";"0";"0";"0"
"1672 KRÅKERØY";"3";"1400";"..";"4";"14876";".."
"9470 GRATANGEN";"3";"1343";"..";"15";"29046";".."
"0694 OSLO";"5";"..";"..";"7";"31967";".."
"7384 ÅLEN";"0";"0";"0";"17";"45989";".."
"9008 TROMSØ";"7";"..";"..";"4";"5863";".."
"3540 NESBYEN";"0";"0";"0";"8";"13137";".."
"6702 MÅLØY";"4";"919";"..";"6";"12046";".."
"0116 OSLO";"5";"2702";"..";"6";"18486";".."
"9261 TROMSØ";"0";"0";"0";"33";"55772";".."
"0050 OSLO";"0";"0";"0";"2";"3752";".."
"5815 BERGEN";"4";"..";"..";"5";"13685";".."
"3960 STATHELLE";"0";"0";"0";"11";"16994";".."
"1845 Sørfold - Fuolldá";"9";"2745";"..";"20";"32175";".."
"1303 SANDVIKA";"2";"560";"..";"7";"32148";".."
"4389 VIKESÅ";"5";"2319";"..";"14";"38516";".."
"6652 SURNADAL";"0";"0";"0";"5";"8418";".."
"2910 AURDAL";"5";"3066";"..";"10";"20879";".."
"2420 TRYSIL";"0";"0";"0";"5";"8113";".."
"3249 SANDEFJORD";"7";"2077";"..";"20";"29040";".."
"3507 HØNEFOSS";"0";"0";"0";"11";"16770";".."
"5820 BERGEN";"6";"1353";"..";"8";"37293";".."
"6310 VEBLUNGSNES";"0";"0";"0";"0";"0";"0"
"0871 OSLO";"9";"..";"..";"8";"31711";".."
"9030 SJURSNES";"0";"0";"0";"12";"26811";".."
"4224 Åseral";"0";"0";"0";"12";"22840";".."
"7231 LUNDAMO";"0";"0";"0";"46";"168374";".."
"1626 MANSTAD";"0";"0";"0";"19";"58422";".."
"6447 ELNESVÅGEN";"10";"2309";"..";"38";"107867";".."
"4689 KRISTIANSAND S";"0";"0";"0";"21";"71218";".."
"0132 OSLO";"3";"768";"..";"9";"27121";".."
"7387 SINGSÅS";"27";"12337";"..";"20";"42851";".."
"4396 SANDNES";"0";"0";"0";"48";"93637";".."
"4528 KOLLUNGTVEIT";"0";"0";"0";"25";"61655";".."
"3433 Skjåk";"0";"0";"0";"18";"30213";".."
"5506 HAUGESUND";"0";"0";"0";"0";"0";"0"
"0673 OSLO";"0";"0";"0";"49";"126210";".."
"7823 BANGSUND";"11";"2912";"..";"11";"39345";".."
"7036 TRONDHEIM";"0";"0";"0";"16";"44387";".."
"5818 BERGEN";"3";"647";"..";"3";"..";".."
"3351 PRESTFOSS";"5";"1228";"..";"8";"17783";".."
"5118 ULSET";"3";"852";"..";"4";"8354";".."
"5459 FJELBERG";"0";"0";"0";"33";"160211";".."
"1454 FAGERSTRAND";"0";"0";"0";"29";"106182";".."
"2695 GROTLI";"0";"0";"0";"0";"0";"0"
"1853 Evenes - Evenássi";"7";"2211";"..";"12";"13921";".."
"7435 TRONDHEIM";"4";"1164";"..";"12";"..";".."
"1308 JAR";"0";"0";"0";"11";"27501";".."
"0604 OSLO";"7";"2704";"..";"12";"32017";".."
"3625 SKOLLENBORG";"0";"0";"0";"2";"..";".."
"1813 ASKIM";"6";"..";"..";"14";"34132";".."
"7714 STEINKJER";"0";"0";"0";"6";"9986";".."
"1513 MOSS";"10";"3899";"..";"23";"80474";".."
"1789 BERG I ØSTFOLD";"3";"..";"..";"9";"16276";".."
"1377 BILLINGSTAD";"0";"0";"0";"17";"57074";".."
"1442 DRØBAK";"5";"3159";"..";"5";"10147";".."
"7055 RANHEIM";"4";"..";"..";"8";"17682";".."
"7050 TRONDHEIM";"0";"0";"0";"28";"44087";".."
"3403 LIER";"12";"5724";"..";"20";"88328";".."
"5381 GLESVÆR";"0";"0";"0";"25";"66674";".."
"3157 BARKÅKER";"0";"0";"0";"17";"..";".."
"3793 SANNIDAL";"0";"0";"0";"15";"17166";".."
"4091 HAFRSFJORD";"0";"0";"0";"31";"51794";".."
"1371 ASKER";"0";"0";"0";"17";"31959";".."
"9610 RYPEFJORD";"16";"7146";"..";"45";"139148";".."
"3405 LIER";"4";"..";"..";"3";"8829";".."
"7716 STEINKJER";"2";"..";"..";"6";"15725";".."
"2334 ROMEDAL";"0";"0";"0";"14";"34642";".."
"4921 STAUBØ";"12";"2039";"..";"5";"12564";".."
"6457 BOLSØYA";"0";"0";"0";"0";"0";"0"
"1007 OSLO";"0";"0";"0";"37";"105206";".."
"3320 VESTFOSSEN";"0";"0";"0";"17";"34148";".."
"3237 SANDEFJORD";"3";"1241";"..";"16";"43228";".."
"3658 MILAND";"0";"0";"0";"25";"64683";".."
"6530 AVERØY";"3";"..";"..";"7";"13527";".."
"4032 STAVANGER";"0";"0";"0";"0";"0";"0"
"5041 BERGEN";"0";"0";"0";"10";"41241";".."
"1464 FJELLHAMAR";"6";"2619";"..";"6";"16774";".."
"8617 DALSGRENDA";"7";"2620";"..";"6";"14566";".."
"3248 SANDEFJORD";"2";"1618";"..";"9";"12765";".."
"7111 HASSELVIKA";"9";"..";"..";"20";"65937";".."
"4234 JELSA";"10";"2218";"..";"12";"38499";".."
"0193 OSLO";"9";"3768";"..";"7";"9534";".."
"4900 TVEDESTRAND";"0";"0";"0";"4";"..";".."
"2639 VINSTRA";"0";"0";"0";"18";"40434";".."
"6211 VALLDAL";"5";"2278";"..";"40";"55763";".."
"1832 Hemnes";"7";"1597";"..";"25";"45525";".."
"5504 HAUGESUND";"1";"379";"..";"6";"14989";".."
"9593 BREIVIKBOTN";"7";"2417";"..";"14";"9597";".."
"0355 OSLO";"0";"0";"0";"15";"41548";".."
"3017 DRAMMEN";"0";"0";"0";"25";"77301";".."
"7165 OKSVOLL";"0";"0";"0";"10";"36810";".."
"0954 OSLO";"4";"1832";"..";"30";"72661";".."
"1537 MOSS";"0";"0";"0";"0";"0";"0"
"4864 ÅMLI";"1";"..";"..";"5";"10640";".."
"2822 BYBRUA";"9";"2842";"..";"25";"37779";".."
"9517 ALTA";"12";"6285";"..";"28";"86271";".."
"6570 SMØLA";"0";"0";"0";"23";"60913";".."
"5345 KNARREVIK";"6";"..";"..";"15";"34515";".."
"6212 LIABYGDA";"0";"0";"0";"25";"106855";".."
"2414 ELVERUM";"6";"3246";"..";"30";"..";".."
"8510 NARVIK";"15";"2321";"..";"11";"52798";".."
"5005 BERGEN";"3";"1458";"..";"10";"42838";".."
"1765 HALDEN";"32";"17524";"..";"28";"37582";".."
"8506 NARVIK";"0";"0";"0";"40";"148122";".."
"5733 GRANVIN";"0";"0";"0";"14";"70522";".."
"5568 VIKEBYGD";"0";"0";"0";"10";"20627";".."
"9104 KVALØYA";"0";"0";"0";"0";"0";"0"
"3434 Lom";"0";"0";"0";"21";"38692";".."
"5551 AUKLANDSHAMN";"0";"0";"0";"25";"..";".."
"3710 SKIEN";"0";"0";"0";"11";"23510";".."
"6878 VEITASTROND";"0";"0";"0";"19";"56634";".."
"1851 Lødingen";"3";"755";"..";"12";"21070";".."
"0571 OSLO";"4";"..";"..";"3";"..";".."
"2802 GJØVIK";"0";"0";"0";"6";"12080";".."
"1144 Kvitsøy";"4";"855";"..";"6";"16425";".."
"7506 STJØRDAL";"0";"0";"0";"26";"61051";".."
"5868 BERGEN";"0";"0";"0";"3";"..";".."
"6080 GURSKØY";"0";"0";"0";"28";"72079";".."
"4002 STAVANGER";"7";"3354";"..";"9";"41185";".."
"4331 ÅLGÅRD (synt4491)";"5";"..";"..";"43";"128724";".."
"7497 TRONDHEIM";"0";"0";"0";"28";"95693";".."
"9580 BERGSFJORD";"4";"2069";"..";"24";"51505";".."
"6698 LESUND";"5";"1500";"..";"18";"62483";".."
"9120 VENGSØY";"0";"0";"0";"28";"124277";".."
"2900 FAGERNES";"0";"0";"0";"0";"0";"0"
"4322 SANDNES";"0";"0";"0";"5";"13770";".."
"3411 SYLLING";"0";"0";"0";"9";"18885";".."
"1861 TRØGSTAD";"6";"3058";"..";"32";"69827";".."
"5775 NÅ";"0";"0";"0";"15";"34371";".."
"4597 EIKEN";"0";"0";"0";"19";"44126";".."
"8601 MO I RANA";"0";"0";"0";"5";"16027";".."
"9064 SVENSBY";"3";"1289";"..";"10";"34922";".."
"9311 BRØSTADBOTN";"9";"..";"..";"12";"72100";".."
"1825 Grane";"13";"4169";"..";"23";"33918";".."
"3950 BREVIK";"8";"3099";"..";"11";"29810";".."
"6522 FREI";"0";"0";"0";"29";"116611";".."
"7800 NAMSOS";"12";"1428";"..";"33";"62698";".."
"4167 HELGØY I RYFYLKE";"0";"0";"0";"11";"35022";".."
"3929 PORSGRUNN";"5";"2153";"..";"24";"31317";".."
"2654 VESTRE GAUSDAL";"0";"0";"0";"0";"0";"0"
"5537 HAUGESUND";"0";"0";"0";"23";"52930";".."
"7116 RÅKVÅG";"8";"..";"..";"27";"111492";".."
"5049 Flatanger";"0";"0";"0";"15";"29265";".."
"0787 OSLO";"4";"..";"..";"24";"..";".."
"3674 NOTODDEN";"10";"5706";"..";"13";"110316";".."
"9050 STORSTEINNES";"0";"0";"0";"21";"..";".."
"8432 ALSVÅG";"0";"0";"0";"7";"..";".."
"6525 FREI";"3";"1002";"..";"16";"18527";".."
"4725 IVELAND";"6";"2584";"..";"8";"13954";".."
"6807 FØRDE";"2";"577";"..";"12";"28744";".."
"5963 DALSØYRA";"3";"1481";"..";"10";"26876";".."
"6011 ÅLESUND";"0";"0";"0";"8";"13325";".."
"9509 ALTA";"0";"0";"0";"23";"94748";".."
"9525 MAZE";"0";"0";"0";"18";"47524";".."
"9584 SØR-TVERRFJORD";"0";"0";"0";"40";"91843";".."
"6068 EIKSUND";"0";"0";"0";"9";"..";".."
"0021 OSLO";"5";"2390";"..";"13";"17811";".."
"6788 OLDEN";"10";"2197";"..";"38";"121586";".."
"8184 ÅGSKARDET (synt4511)";"0";"0";"0";"14";"49262";".."
"3061 SVELVIK";"3";"1611";"..";"14";"72101";".."
"7130 BREKSTAD";"0";"0";"0";"0";"0";"0"
"0491 OSLO";"0";"0";"0";"4";"8367";".."
"5907 ALVERSUND";"0";"0";"0";"0";"0";"0"
"6017 ÅLESUND";"0";"0";"0";"31";"65217";".."
"6708 BRYGGJA";"0";"0";"0";"17";"45496";".."
"5823 BERGEN";"0";"0";"0";"0";"0";"0"
"3124 TØNSBERG";"8";"5448";"..";"7";"21196";".."
"1745 SKJEBERG";"0";"0";"0";"16";"45060";".."
"8372 GRAVDAL";"3";"..";"..";"30";"90546";".."
"4391 SANDNES";"14";"3455";"..";"15";"77105";".."
"0330 OSLO";"0";"0";"0";"6";"..";".."
"6510 KRISTIANSUND N";"2";"917";"..";"25";"..";".."
"3110 TØNSBERG";"0";"0";"0";"0";"0";"0"
"4077 HUNDVÅG";"6";"2970";"..";"19";"34675";".."
"6067 ULSTEINVIK";"8";"2894";"..";"34";"127417";".."
"3220 SANDEFJORD";"3";"1361";"..";"5";"11380";".."
"5472 SEIMSFOSS";"9";"2782";"..";"50";"115772";".."
"1742 KLAVESTADHAUGEN";"0";"0";"0";"13";"32222";".."
"9621 KVALSUND";"0";"0";"0";"0";"0";"0"
"1615 FREDRIKSTAD";"6";"2253";"..";"10";"31127";".."
"3163 NØTTERØY";"5";"1155";"..";"5";"9237";".."
"0201 OSLO";"4";"..";"..";"13";"35817";".."
"2353 STAVSJØ";"0";"0";"0";"38";"106098";".."
"5423 BRANDASUND";"0";"0";"0";"7";"24709";".."
"2933 REINLI";"0";"0";"0";"11";"21987";".."
"5652 ÅRLAND";"7";"2620";"..";"14";"65482";".."
"9550 ØKSFJORD";"5";"2197";"..";"12";"31421";".."
"2712 BRANDBU";"0";"0";"0";"50";"48570";".."
"4863 NELAUG";"0";"0";"0";"17";"91975";".."
"7476 TRONDHEIM";"0";"0";"0";"9";"29895";".."
"1534 MOSS";"5";"1462";"..";"15";"35288";".."
"3676 NOTODDEN";"0";"0";"0";"31";"68731";".."
"6951 HYLLESTAD";"10";"1443";"..";"20";"44917";".."
"3518 HØNEFOSS";"0";"0";"0";"7";"15735";".."
"6490 EIDE";"0";"0";"0";"0";"0";"0"
"8091 BODØ";"3";"1502";"..";"14";"33827";".."
"7003 TRONDHEIM";"5";"1847";"..";"32";"88292";".."
"6216 GEIRANGER";"0";"0";"0";"36";"78616";".."
"7067 TRONDHEIM";"3";"1194";"..";"12";"28404";".."
"4801 ARENDAL";"4";"925";"..";"6";"20695";".."
"6103 VOLDA";"0";"0";"0";"0";"0";"0"
"1961 LØKEN";"6";"2763";"..";"5";"11242";".."
"9155 SØRKJOSEN";"0";"0";"0";"4";"12470";".."
"3910 PORSGRUNN";"0";"0";"0";"13";"13993";".."
"3040 DRAMMEN";"15";"6276";"..";"24";"74797";".."
"5458 ARNAVIK";"0";"0";"0";"11";"19967";".."
"5620 TØRVIKBYGD";"7";"2401";"..";"10";"32240";".."
"3430 Os";"0";"0";"0";"23";"46911";".."
"4683 SØGNE";"0";"0";"0";"16";"26157";".."
"7739 BEITSTAD";"0";"0";"0";"58";"70495";".."
"1488 HAKADAL";"10";"3134";"..";"9";"37121";".."
"8157 MELØY";"3";"1121";"..";"16";"79453";".."
"5399 BEKKJARVIK";"0";"0";"0";"16";"69067";".."
"6546 KRISTIANSUND N";"0";"0";"0";"16";"16979";".."
"3789 KRAGERØ";"0";"0";"0";"0";"0";"0"
"2657 SVATSUM";"0";"0";"0";"17";"31910";".."
"3432 Lesja";"0";"0";"0";"25";"38270";".."
"6264 TENNFJORD";"5";"..";"..";"7";"18678";".."
"5379 STEINSLAND";"0";"0";"0";"25";"95681";".."
"6940 EIKEFJORD";"0";"0";"0";"13";"55236";".."
"7115 HUSBYSJØEN";"5";"685";"..";"15";"35984";".."
"2051 JESSHEIM";"4";"985";"..";"15";"54740";".."
"9616 HAMMERFEST";"7";"4938";"..";"12";"20575";".."
"7736 STEINKJER";"0";"0";"0";"0";"0";"0"
"1263 OSLO";"0";"0";"0";"14";"23876";".."
"8860 TJØTTA";"0";"0";"0";"6";"3451";".."
"8276 ULVSVÅG";"5";"..";"..";"23";"56547";".."
"5546 RØYKSUND";"7";"2617";"..";"9";"21881";".."
"5041 Snåase - Snåsa";"0";"0";"0";"17";"27798";".."
"5736 GRANVIN";"0";"0";"0";"24";"78298";".."
"5542 KARMSUND";"13";"4864";"..";"37";"111413";".."
"0554 OSLO";"11";"2500";"..";"9";"36876";".."
"2005 RÆLINGEN";"5";"1889";"..";"17";"86186";".."
"0479 OSLO";"2";"..";"..";"30";"77707";".."
"6532 AVERØY";"0";"0";"0";"5";"13565";".."
"1479 KURLAND";"0";"0";"0";"20";"166286";".."
"8459 MELBU";"5";"1682";"..";"4";"9001";".."
"5631 STRANDEBARM";"1";"..";"..";"5";"18472";".."
"1730 ISE";"2";"918";"..";"12";"22351";".."
"2020 SKEDSMOKORSET";"0";"0";"0";"21";"43011";".."
"5538 HAUGESUND";"0";"0";"0";"5";"38519";".."
"5721 DALEKVAM";"3";"..";"..";"31";"31971";".."
"9118 BRENSHOLMEN";"17";"6161";"..";"41";"118601";".."
"7656 VERDAL";"0";"0";"0";"18";"..";".."
"7425 TRONDHEIM";"12";"2704";"..";"19";"69087";".."
"8517 NARVIK";"15";"3764";"..";"10";"46296";".."
"0505 OSLO";"14";"8223";"..";"58";"129359";".."
"9142 SKIBOTN";"2";"687";"..";"21";"70768";".."
"6707 RAUDEBERG";"0";"0";"0";"0";"0";"0"
"2070 RÅHOLT";"5";"2596";"..";"13";"59886";".."
"1385 ASKER";"3";"..";"..";"4";"..";".."
"8656 MOSJØEN";"0";"0";"0";"18";"83087";".."
"2674 MYSUSÆTER";"8";"..";"..";"51";"146927";".."
"3738 SKIEN";"0";"0";"0";"19";"39645";".."
"1703 SARPSBORG";"0";"0";"0";"41";"147136";".."
"3570 ÅL";"8";"3631";"..";"29";"102561";".."
"3864 RAULAND";"7";"3724";"..";"7";"6827";".."
"1466 STRØMMEN";"0";"0";"0";"24";"52150";".."
"3543 NORESUND";"1";"447";"..";"5";"8616";".."
"6054 GODØYA";"18";"6152";"..";"48";"211025";".."
"6263 SKODJE";"7";"3560";"..";"15";"42038";".."
"3414 LIERSTRANDA";"7";"1990";"..";"36";"114991";".."
"4619 Eidfjord";"0";"0";"0";"12";"28958";".."
"1735 VARTEIG";"9";"3053";"..";"10";"41696";".."
"0107 OSLO";"6";"1399";"..";"14";"29466";".."
"1284 OSLO";"0";"0";"0";"4";"..";".."
"1052 OSLO";"3";"1567";"..";"9";"17833";".."
"8099 JAN MAYEN";"1";"275";"..";"7";"8217";".."
"6591 TUSTNA";"3";"..";"..";"9";"27475";".."
"7717 STEINKJER";"0";"0";"0";"27";"65843";".."
"7331 LØKKEN VERK";"0";"0";"0";"33";"76493";".."
"3483 KANA";"0";"0";"0";"26";"40193";".."
"8192 JEKTVIK";"42";"..";"..";"30";"42071";".."
"0450 OSLO";"2";"816";"..";"37";"159944";".."
"0110 OSLO";"0";"0";"0";"0";"0";"0"
"5052 BERGEN";"4";"..";"..";"10";"14515";".."
"3172 VEAR";"0";"0";"0";"30";"72119";".."
"5687 FLATRÅKER";"0";"0";"0";"18";"37226";".."
"9260 TROMSØ";"5";"1567";"..";"15";"36320";".."
"4885 GRIMSTAD";"0";"0";"0";"15";"59527";".."
"9057 VIKRAN";"5";"1704";"..";"7";"17944";".."
"3183 HORTEN";"0";"0";"0";"28";"67612";".."
"2653 VESTRE GAUSDAL";"7";"..";"..";"12";"36225";".."
"8892 SUNDØYA";"0";"0";"0";"18";"38446";".."
"8385 MØLNARODDEN";"0";"0";"0";"13";"25472";".."
"2808 GJØVIK";"19";"9646";"..";"29";"74223";".."
"4012 STAVANGER";"1";"491";"..";"10";"27978";".."
"3749 SILJAN";"6";"694";"..";"6";"..";".."
"2330 VALLSET";"3";"2138";"..";"16";"49511";".."
"5394 KOLBEINSVIK";"0";"0";"0";"16";"20172";".."
"3424 Rendalen";"0";"0";"0";"23";"20515";".."
"5046 Høylandet";"0";"0";"0";"6";"9420";".."
"5177 BJØRØYHAMN";"10";"2304";"..";"24";"43595";".."
"1828 Nesna";"4";"1285";"..";"19";"32393";".."
"2067 JESSHEIM";"5";"2216";"..";"13";"44884";".."
"3033 DRAMMEN";"8";"4546";"..";"8";"..";".."
"6030 LANGEVÅG";"4";"..";"..";"6";"16042";".."
"2623 LILLEHAMMER";"26";"6815";"..";"24";"97784";".."
"6418 SEKKEN";"0";"0";"0";"16";"79490";".."
"9147 BIRTAVARRE";"18";"7628";"..";"45";"162600";".."
"0352 OSLO";"0";"0";"0";"17";"39721";".."
"6018 ÅLESUND";"0";"0";"0";"0";"0";"0"
"8088 BODØ";"6";"2453";"..";"16";"45099";".."
"0579 OSLO";"0";"0";"0";"21";"46571";".."
"6644 BÆVERFJORD";"0";"0";"0";"0";"0";"0"
"2425 LJØRDALEN";"9";"3036";"..";"8";"20228";".."
"2223 GALTERUD";"11";"2962";"..";"16";"35818";".."
"2160 VORMSUND";"8";"2300";"..";"32";"106048";".."
"5201 OS";"10";"2959";"..";"15";"41970";".."
"5211 OS";"20";"11093";"..";"17";"59028";".."
"4226 Hægebostad";"0";"0";"0";"20";"43001";".."
"2435 BRASKEREIDFOSS";"22";"7932";"..";"59";"113213";".."
"6918 SØR-SKORPA";"13";"2114";"..";"16";"23692";".."
"5780 KINSARVIK";"0";"0";"0";"6";"21525";".."
"6026 ÅLESUND";"5";"..";"..";"10";"50335";".."
"9991 BÅTSFJORD";"7";"3953";"..";"12";"16189";".."
"8092 BODØ";"7";"..";"..";"36";"171094";".."
"1403 LANGHUS";"16";"4962";"..";"16";"34657";".."
"0160 OSLO";"0";"0";"0";"44";"141640";".."
"5952 FONNES";"0";"0";"0";"19";"49098";".."
"6896 FRESVIK";"0";"0";"0";"17";"30481";".."
"1914 YTRE ENEBAKK";"7";"2386";"..";"27";"57268";".."
"9815 VADSØ";"0";"0";"0";"22";"94397";".."
"0167 OSLO";"8";"3547";"..";"7";"19375";".."
"0564 OSLO";"0";"0";"0";"10";"14944";".."
"0853 OSLO";"0";"0";"0";"9";"35477";".."
"9926 PASVIK";"23";"..";"..";"29";"60929";".."
"4156 MOSTERØY";"0";"0";"0";"13";"9955";".."
"0585 OSLO";"0";"0";"0";"25";"118960";".."
"0280 OSLO";"5";"1417";"..";"11";"26813";".."
"4916 BORØY";"0";"0";"0";"14";"19897";".."
"3720 SKIEN";"0";"0";"0";"10";"27758";".."
"2693 NORDBERG";"0";"0";"0";"23";"103638";".."
"7608 LEVANGER";"0";"0";"0";"14";"31258";".."
"3790 HELLE";"0";"0";"0";"33";"71965";".."
"1252 OSLO";"5";"2265";"..";"7";"14686";".."
"3786 SKIEN";"4";"..";"..";"9";"26830";".."
"2013 SKJETTEN";"5";"2205";"..";"9";"23957";".."
"3227 SANDEFJORD";"1";"270";"..";"5";"5483";".."
"2074 EIDSVOLL VERK";"16";"7034";"..";"27";"92554";".."
"7058 CHARLOTTENLUND";"0";"0";"0";"0";"0";"0"
"1205 OSLO";"0";"0";"0";"21";"43616";".."
"9100 KVALØYSLETTA";"0";"0";"0";"18";"37863";".."
"0581 OSLO";"5";"2232";"..";"7";"15312";".."
"7488 TRONDHEIM";"0";"0";"0";"30";"39335";".."
"0475 OSLO";"15";"9522";"..";"47";"162668";".."
"4387 BJERKREIM";"3";"..";"..";"11";"23562";".."
"4825 ARENDAL";"11";"2273";"..";"22";"34619";".."
"1550 HØLEN";"3";"..";"..";"5";"..";".."
"9149 BIRTAVARRE";"0";"0";"0";"11";"33592";".."
"1414 TROLLÅSEN";"2";"..";"..";"6";"16838";".."
"6770 NORDFJORDEID";"6";"2735";"..";"54";"132735";".."
"9914 BJØRNEVATN";"0";"0";"0";"4";"4801";".."
"3216 SANDEFJORD";"0";"0";"0";"16";"31883";".."
"4619 MOSBY";"0";"0";"0";"27";"69987";".."
"9156 STORSLETT";"0";"0";"0";"9";"28148";".."
"6895 FEIOS";"7";"4148";"..";"4";"..";".."
"7101 RISSA";"12";"2537";"..";"18";"33005";".."
"1782 HALDEN";"10";"3510";"..";"15";"35560";".."
"5098 BERGEN";"10";"2758";"..";"3";"11501";".."
"2123 BRUVOLL";"16";"5154";"..";"25";"68644";".."
"4563 BORHAUG";"0";"0";"0";"30";"82118";".."
"0790 OSLO";"0";"0";"0";"21";"25491";".."
"5465 USKEDALEN";"3";"582";"..";"23";"63287";".."
"0914 OSLO";"22";"5561";"..";"29";"64647";".."
"0467 OSLO";"6";"1729";"..";"7";"21443";".."
"5026 Holtålen";"0";"0";"0";"34";"54100";".."
"3544 TUNHOVD";"3";"754";"..";"6";"9702";".."
"0875 OSLO";"0";"0";"0";"19";"67233";".."
"2840 REINSVOLL";"4";"2012";"..";"7";"20048";".."
"6777 STÅRHEIM";"17";"4859";"..";"13";"31633";".."
"4544 FOSSDAL";"6";"1592";"..";"13";"42808";".."
"4217 Åmli";"0";"0";"0";"30";"45290";".."
"3202 SANDEFJORD";"0";"0";"0";"30";"91987";".."
"6062 BRANDAL";"0";"0";"0";"18";"38612";".."
"7261 SISTRANDA";"14";"7263";"..";"23";"52333";".."
"0186 OSLO";"9";"3613";"..";"17";"65034";".."
"7503 STJØRDAL";"5";"4178";"..";"19";"39824";".."
"9043 JØVIKA";"0";"0";"0";"8";"..";".."
"6431 BUD";"0";"0";"0";"18";"63994";".."
"7562 SAKSVIK";"0";"0";"0";"14";"23696";".."
"7791 MALM";"11";"..";"..";"13";"52560";".."
"6395 REKDAL";"0";"0";"0";"18";"76645";".."
"1591 SPERREBOTN";"0";"0";"0";"33";"53555";".."
"0411 OSLO";"8";"2521";"..";"21";"80707";".."
"0621 OSLO";"0";"0";"0";"17";"50888";".."
"1871 ØRJE";"8";"2842";"..";"11";"14935";".."
"4793 HØVÅG";"0";"0";"0";"11";"26778";".."
"2642 KVAM";"13";"5520";"..";"18";"46451";".."
"7421 TRONDHEIM";"0";"0";"0";"0";"0";"0"
"0213 OSLO";"11";"2793";"..";"27";"38724";".."
"0109 OSLO";"20";"3962";"..";"52";"115100";".."
"8906 BRØNNØYSUND";"14";"7659";"..";"36";"56150";".."
"6963 DALE I SUNNFJORD";"39";"8661";"..";"36";"48860";".."
"0410 OSLO";"7";"4242";"..";"71";"226819";".."
"1971 HEMNES";"6";"1695";"..";"25";"56311";".."
"5866 BERGEN";"5";"2435";"..";"10";"18866";".."
"1852 MYSEN";"15";"7595";"..";"44";"124708";".."
"2025 FJERDINGBY";"0";"0";"0";"16";"65696";".."
"8013 BODØ";"23";"9348";"..";"60";"118350";".."
"5896 BERGEN";"7";"1753";"..";"17";"63599";".."
"3125 TØNSBERG";"0";"0";"0";"17";"42697";".."
"8006 BODØ";"0";"0";"0";"23";"50931";".."
"5707 EVANGER";"5";"1710";"..";"19";"61363";".."
"6900 FLORØ";"10";"..";"..";"37";"132223";".."
"6086 KVAMSØY";"0";"0";"0";"0";"0";"0"
"9157 STORSLETT";"0";"0";"0";"37";"147875";".."
"7409 TRONDHEIM";"0";"0";"0";"9";"27086";".."
"3504 HØNEFOSS";"3";"1318";"..";"7";"7987";".."
"0159 OSLO";"0";"0";"0";"28";"79421";".."
"4635 Gulen";"0";"0";"0";"17";"38523";".."
"7318 AGDENES";"1";"..";"..";"19";"..";".."
"6983 KVAMMEN";"9";"5299";"..";"16";"..";".."
"1928 AULI";"6";"1692";"..";"8";"..";".."
"9006 TROMSØ";"15";"8188";"..";"24";"49579";".."
"1307 FORNEBU";"6";"3719";"..";"57";"77973";".."
"8407 SORTLAND";"0";"0";"0";"13";"31532";".."
"8233 VALNESFJORD";"9";"3998";"..";"15";"50920";".."
"1421 TROLLÅSEN";"10";"4467";"..";"16";"32639";".."
"0365 OSLO";"0";"0";"0";"12";"38679";".."
"0774 OSLO";"0";"0";"0";"19";"74365";".."
"1054 OSLO";"3";"1066";"..";"6";"9924";".."
"2057 JESSHEIM";"10";"2203";"..";"15";"25704";".."
"5474 LØFALLSTRAND";"6";"1673";"..";"21";"..";".."
"5143 FYLLINGSDALEN";"10";"2168";"..";"9";"38766";".."
"0590 OSLO";"0";"0";"0";"24";"70778";".."
"1796 KORNSJØ";"4";"3270";"..";"16";"43293";".."
"5902 ISDALSTØ";"16";"4184";"..";"34";"136877";".."
"7631 ÅSEN";"0";"0";"0";"10";"15944";".."
"3259 LARVIK";"0";"0";"0";"34";"85266";".."
"9279 TROMSØ";"4";"1187";"..";"7";"..";".."
"6633 GJEMNES";"7";"4615";"..";"8";"32300";".."
"4360 VARHAUG";"12";"3998";"..";"12";"18819";".."
"8048 BODØ";"7";"1500";"..";"23";"76160";".."
"4463 UALAND";"7";"2415";"..";"19";"24312";".."
"5915 HJELMÅS";"0";"0";"0";"6";"14966";".."
"6196 NORANGSFJORDEN";"1";"470";"..";"11";"19693";".."
"3006 DRAMMEN";"0";"0";"0";"0";"0";"0"
"8031 BODØ";"0";"0";"0";"9";"19352";".."
"7632 ÅSENFJORD";"9";"3002";"..";"20";"30579";".."
"8313 KLEPPSTAD";"10";"3493";"..";"25";"76349";".."
"5855 BERGEN";"0";"0";"0";"6";"13912";".."
"5751 ODDA";"7";"3681";"..";"21";"56542";".."
"3772 KRAGERØ";"6";"3621";"..";"22";"..";".."
"1504 MOSS";"2";"833";"..";"3";"3600";".."
"7345 DRIVDALEN";"7";"2814";"..";"10";"26192";".."
"4222 Bykle";"0";"0";"0";"22";"76023";".."
"7200 KYRKSÆTERØRA";"5";"..";"..";"15";"34641";".."
"9407 HARSTAD";"22";"10273";"..";"32";"85191";".."
"5578 NEDRE VATS";"11";"4054";"..";"21";"50374";".."
"4820 FROLAND";"8";"..";"..";"19";"23491";".."
"9299 TROMSØ";"3";"..";"..";"5";"10309";".."
"3726 SKIEN";"0";"0";"0";"14";"49216";".."
"3128 NØTTERØY";"8";"2408";"..";"35";"77291";".."
"5061 Rindal";"0";"0";"0";"25";"45302";".."
"1893 DEGERNES (synt4619)";"12";"2151";"..";"56";"161985";".."
"9471 GRATANGEN";"0";"0";"0";"29";"69959";".."
"1524 MOSS";"9";"2210";"..";"35";"106266";".."
"1511 Vanylven";"11";"4940";"..";"33";"60038";".."
"8897 BARDAL";"0";"0";"0";"9";"38851";".."
"3107 SEM";"0";"0";"0";"12";"51323";".."
"0484 OSLO";"0";"0";"0";"14";"43301";".."
"6165 SÆBØ";"3";"..";"..";"6";"..";".."
"7069 TRONDHEIM";"0";"0";"0";"69";"156041";".."
"7121 LEKSVIK";"0";"0";"0";"23";"79255";".."
"3064 DRAMMEN";"0";"0";"0";"24";"73901";".."
"1874 Moskenes";"8";"1431";"..";"8";"20588";".."
"9506 ALTA";"7";"2870";"..";"15";"36523";".."
"2412 SØRSKOGBYGDA";"14";"3882";"..";"58";"114670";".."
"3478 NÆRSNES";"12";"7176";"..";"13";"23990";".."
"6152 ØRSTA";"0";"0";"0";"9";"23803";".."
"9483 HARSTAD";"0";"0";"0";"16";"29401";".."
"5021 BERGEN";"0";"0";"0";"26";"67591";".."
"3811 HØRTE";"4";"1140";"..";"22";"53768";".."
"3965 HERRE";"5";"2488";"..";"6";"18262";".."
"6433 HUSTAD";"0";"0";"0";"0";"0";"0"
"7068 TRONDHEIM";"7";"1703";"..";"36";"87619";".."
"6110 AUSTEFJORDEN";"9";"1688";"..";"59";"151252";".."
"4085 HUNDVÅG";"0";"0";"0";"12";"9073";".."
"0460 OSLO";"14";"7318";"..";"26";"85948";".."
"8880 BÆRØYVÅGEN";"5";"2896";"..";"14";"59549";".."
"3528 HEDALEN";"8";"5159";"..";"44";"82055";".."
"2225 KONGSVINGER";"0";"0";"0";"19";"30492";".."
"3423 Stor-Elvdal";"0";"0";"0";"34";"40152";".."
"3438 Sør-Fron";"0";"0";"0";"35";"72985";".."
"1458 FJELLSTRAND";"0";"0";"0";"24";"61515";".."
"7873 HARRAN";"0";"0";"0";"15";"46353";".."
"6504 KRISTIANSUND N";"13";"7992";"..";"29";"80074";".."
"5350 BRATTHOLMEN";"9";"2521";"..";"42";"106977";".."
"9760 NORDVÅGEN";"0";"0";"0";"48";"100512";".."
"2853 REINSVOLL";"0";"0";"0";"13";"53275";".."
"5202 OS";"11";"7142";"..";"17";"63957";".."
"4747 VALLE";"0";"0";"0";"0";"0";"0"
"4218 Iveland";"0";"0";"0";"29";"50750";".."
"1501 MOSS";"0";"0";"0";"24";"72540";".."
"2617 LILLEHAMMER";"0";"0";"0";"16";"39851";".."
"2561 ALVDAL";"10";"3748";"..";"52";"188720";".."
"6035 FISKARSTRAND";"7";"2883";"..";"7";"20926";".."
"8521 ANKENES";"8";"2175";"..";"20";"50547";".."
"3890 VINJE";"0";"0";"0";"17";"27878";".."
"1259 OSLO";"0";"0";"0";"11";"16409";".."
"5501 HAUGESUND";"0";"0";"0";"38";"74290";".."
"3430 SPIKKESTAD";"0";"0";"0";"0";"0";"0"
"4170 SJERNARØY";"5";"..";"..";"4";"..";".."
"5731 ULVIK";"19";"9770";"..";"72";"233513";".."
"8733 STUVLAND";"1";"743";"..";"14";"26618";".."
"1457 FAGERSTRAND";"0";"0";"0";"25";"36225";".."
"4620 Ulvik";"0";"0";"0";"12";"24075";".."
"4638 Høyanger";"0";"0";"0";"35";"46754";".."
"7288 SOKNEDAL";"14";"6247";"..";"13";"15913";".."
"2634 FÅVANG";"10";"4839";"..";"18";"31936";".."
"4706 VENNESLA";"0";"0";"0";"0";"0";"0"
"7874 HARRAN";"0";"0";"0";"8";"29138";".."
"3454 Vang";"0";"0";"0";"15";"27250";".."
"1445 DRØBAK";"0";"0";"0";"42";"109681";".."
"5045 BERGEN";"0";"0";"0";"15";"56821";".."
"6941 EIKEFJORD";"13";"3321";"..";"6";"15891";".."
"3723 SKIEN";"10";"2533";"..";"5";"8925";".."
"5451 VALEN";"9";"3643";"..";"18";"25707";".."
"5956 HUNDVIN";"9";"..";"..";"7";"23074";".."
"6817 NAUSTDAL";"11";"..";"..";"16";"35758";".."
"2208 KONGSVINGER";"5";"939";"..";"11";"20793";".."
"2880 NORD-TORPA";"19";"3346";"..";"32";"99859";".."
"0278 OSLO";"0";"0";"0";"34";"34116";".."
"0485 OSLO";"0";"0";"0";"13";"42873";".."
"8591 KJØPSVIK";"0";"0";"0";"42";"321789";".."
"4698 KRISTIANSAND S";"27";"..";"..";"38";"166799";".."
"8663 MOSJØEN";"6";"3198";"..";"60";"206205";".."
"9270 TROMSØ";"17";"4040";"..";"24";"34839";".."
"7238 HOVIN I GAULDAL";"0";"0";"0";"18";"54250";".."
"5117 ULSET";"0";"0";"0";"29";"67473";".."
"8392 SØRVÅGEN";"0";"0";"0";"24";"32844";".."
"9955 SVARTNES";"13";"5722";"..";"9";"19792";".."
"9134 HANSNES";"0";"0";"0";"9";"22800";".."
"5713 VOSSESTRAND";"0";"0";"0";"28";"51456";".."
"9826 SIRMA";"11";"3754";"..";"21";"36322";".."
"4551 FARSUND";"0";"0";"0";"4";"..";".."
"2092 MINNESUND";"4";"426";"..";"13";"52495";".."
"0045 OSLO";"22";"7208";"..";"42";"122393";".."
"9360 BARDU";"2";"668";"..";"7";"23404";".."
"5160 LAKSEVÅG";"0";"0";"0";"8";"24538";".."
"2770 JAREN";"32";"13623";"..";"60";"290843";".."
"5833 BERGEN";"7";"2892";"..";"15";"60194";".."
"6806 NAUSTDAL";"15";"6067";"..";"11";"24361";".."
"1816 SKIPTVET";"5";"1685";"..";"13";"24037";".."
"0195 OSLO";"3";"..";"..";"11";"8947";".."
"4406 FLEKKEFJORD";"12";"4374";"..";"20";"33443";".."
"1474 LØRENSKOG";"0";"0";"0";"45";"..";".."
"1517 MOSS";"0";"0";"0";"16";"28867";".."
"4018 STAVANGER";"0";"0";"0";"20";"70702";".."
"6643 BØFJORDEN";"9";"2359";"..";"20";"63084";".."
"7170 ÅFJORD";"0";"0";"0";"39";"125130";".."
"4105 JØRPELAND";"7";"2801";"..";"12";"..";".."
"3673 NOTODDEN";"4";"823";"..";"8";"..";".."
"7211 KORSVEGEN";"0";"0";"0";"33";"52162";".."
"3083 HOLMESTRAND";"0";"0";"0";"19";"29437";".."
"7054 RANHEIM";"0";"0";"0";"35";"82975";".."
"9358 TENNEVOLL";"20";"8049";"..";"57";"153373";".."
"2318 HAMAR";"0";"0";"0";"0";"0";"0"
"3251 LARVIK";"0";"0";"0";"36";"66182";".."
"1423 SKI";"0";"0";"0";"38";"125291";".."
"7732 STEINKJER";"0";"0";"0";"15";"23195";".."
"4402 FLEKKEFJORD";"0";"0";"0";"29";"77048";".."
"5355 KNARREVIK";"9";"3205";"..";"10";"32729";".."
"6517 KRISTIANSUND N";"17";"4273";"..";"16";"56755";".."
"4390 OLTEDAL";"0";"0";"0";"19";"44059";".."
"5548 FEØY";"0";"0";"0";"14";"34597";".."
"3180 NYKIRKE";"18";"10249";"..";"14";"24130";".."
"5857 BERGEN";"0";"0";"0";"35";"166539";".."
"5590 ETNE";"0";"0";"0";"17";"44051";".."
"7672 INDERØY";"14";"5179";"..";"28";"55862";".."
"1475 FINSTADJORDET";"1";"318";"..";"8";"18946";".."
"9612 FORSØL";"0";"0";"0";"29";"33720";".."
"1332 ØSTERÅS";"0";"0";"0";"12";"27195";".."
"3911 PORSGRUNN";"21";"5909";"..";"29";"75127";".."
"1790 TISTEDAL";"15";"3756";"..";"28";"45240";".."
"9800 VADSØ";"0";"0";"0";"19";"41938";".."
"8322 BRETTESNES";"9";"3073";"..";"25";"85976";".."
"4047 HAFRSFJORD";"0";"0";"0";"0";"0";"0"
"7243 KVENVÆR";"0";"0";"0";"26";"..";".."
"0207 OSLO";"5";"2682";"..";"34";"60031";".."
"6875 HØYHEIMSVIK";"0";"0";"0";"2";"3024";".."
"5022 BERGEN";"0";"0";"0";"26";"29306";".."
"3194 HORTEN";"7";"1065";"..";"18";"33257";".."
"9531 KVALFJORD";"0";"0";"0";"30";"20845";".."
"7654 VERDAL";"14";"6380";"..";"33";"78009";".."
"5726 VAKSDAL";"10";"4261";"..";"36";"58012";".."
"8539 BOGEN I OFOTEN";"6";"1954";"..";"8";"14795";".."
"1963 FOSSER";"0";"0";"0";"20";"49684";".."
"3937 PORSGRUNN";"0";"0";"0";"26";"69977";".."
"0614 OSLO";"3";"980";"..";"16";"20010";".."
"7751 NAMDALSEID";"5";"2025";"..";"9";"15375";".."
"6476 MIDSUND";"0";"0";"0";"22";"74567";".."
"0776 OSLO (synt4545)";"0";"0";"0";"3";"..";".."
"4262 AVALDSNES";"1";"452";"..";"11";"38261";".."
"5580 ØLEN";"9";"4122";"..";"17";"38685";".."
"4055 SOLA";"8";"..";"..";"23";"81929";".."
"5804 BERGEN";"0";"0";"0";"26";"35778";".."
"1328 HØVIK";"5";"2161";"..";"14";"25588";".."
"8659 MOSJØEN";"6";"1593";"..";"19";"58843";".."
"0454 OSLO";"0";"0";"0";"12";"17895";".."
"3526 HALLINGBY";"12";"8734";"..";"40";"104105";".."
"1109 OSLO";"0";"0";"0";"18";"49584";".."
"2055 NORDKISA";"0";"0";"0";"132";"268031";".."
"3370 VIKERSUND";"6";"1815";"..";"19";"45577";".."
"4639 Vik";"0";"0";"0";"22";"57660";".."
"7456 TRONDHEIM";"0";"0";"0";"11";"33163";".."
"8014 BODØ";"0";"0";"0";"22";"79032";".."
"0597 OSLO";"35";"13567";"..";"57";"218748";".."
"2040 KLØFTA";"5";"1320";"..";"22";"66719";".."
"2309 HAMAR";"0";"0";"0";"26";"91383";".."
"9024 TOMASJORD";"0";"0";"0";"24";"50746";".."
"0951 OSLO";"0";"0";"0";"28";"98671";".."
"1367 SNARØYA";"0";"0";"0";"11";"21414";".."
"1625 MANSTAD";"16";"6949";"..";"44";"86865";".."
"0872 OSLO";"0";"0";"0";"33";"87945";".."
"1822 Leirfjord";"15";"5085";"..";"36";"82255";".."
"7623 RONGLAN";"22";"7469";"..";"43";"112565";".."
"6987 BULANDET";"0";"0";"0";"50";"185553";".."
"6982 HOLMEDAL";"14";"5300";"..";"20";"40853";".."
"5645 SÆVAREID";"0";"0";"0";"18";"58769";".."
"4648 Bremanger";"0";"0";"0";"33";"78496";".."
"1337 SANDVIKA";"0";"0";"0";"20";"51254";".."
"7160 BJUGN";"10";"5640";"..";"8";"13839";".."
"5536 HAUGESUND";"0";"0";"0";"59";"53405";".."
"7398 RENNEBU";"9";"4277";"..";"6";"..";".."
"7433 TRONDHEIM";"0";"0";"0";"17";"45225";".."
"2448 SØMÅDALEN";"4";"2344";"..";"4";"7983";".."
"1812 Sømna";"10";"4120";"..";"14";"22660";".."
"3425 REISTAD";"25";"8852";"..";"129";"602545";".."
"8805 SANDNESSJØEN";"0";"0";"0";"17";"23050";".."
"7080 HEIMDAL";"0";"0";"0";"21";"42381";".."
"1859 Flakstad";"8";"1893";"..";"12";"29685";".."
"7112 HASSELVIKA";"0";"0";"0";"19";"26230";".."
"1390 VOLLEN";"5";"1266";"..";"28";"65747";".."
"6214 NORDDAL";"5";"2657";"..";"25";"110184";".."
"5406 STORD";"0";"0";"0";"51";"140070";".."
"1271 OSLO";"0";"0";"0";"15";"70120";".."
"4701 VENNESLA";"34";"13389";"..";"32";"84476";".."
"2256 GRUE FINNSKOG";"7";"1912";"..";"13";"13583";".."
"8300 SVOLVÆR";"0";"0";"0";"18";"26838";".."
"6856 SOGNDAL";"0";"0";"0";"10";"22831";".."
"3271 LARVIK";"0";"0";"0";"21";"51248";".."
"6697 VIHALS";"0";"0";"0";"31";"159108";".."
"8140 INNDYR";"6";"1505";"..";"9";"18422";".."
"5825 BERGEN";"0";"0";"0";"32";"65434";".."
"7444 TRONDHEIM";"2";"..";"..";"8";"15952";".."
"6959 SØRBØVÅG";"26";"9345";"..";"25";"92931";".."
"3991 BREVIK";"5";"2609";"..";"14";"37100";".."
"4339 ÅLGÅRD";"8";"2771";"..";"44";"82256";".."
"3921 PORSGRUNN";"0";"0";"0";"2";"6023";".."
"6528 FREI";"17";"5230";"..";"12";"36350";".."
"9710 INDRE BILLEFJORD";"7";"2251";"..";"10";"39885";".."
"4347 LYE";"0";"0";"0";"75";"138444";".."
"7466 TRONDHEIM";"5";"1877";"..";"8";"26237";".."
"3928 PORSGRUNN";"0";"0";"0";"31";"58451";".."
"1331 FORNEBU";"0";"0";"0";"16";"60657";".."
"4035 STAVANGER";"0";"0";"0";"27";"..";".."
"1392 VETTRE";"0";"0";"0";"12";"15732";".."
"9282 TROMSØ";"0";"0";"0";"35";"117185";".."
"4120 TAU";"9";"2159";"..";"23";"37903";".."
"5396 VESTRE VINNESVÅG";"0";"0";"0";"49";"99070";".."
"6884 ØVRE ÅRDAL";"0";"0";"0";"20";"29463";".."
"4623 Samnanger";"0";"0";"0";"21";"54999";".."
"0983 OSLO";"7";"2008";"..";"11";"14399";".."
"3121 NØTTERØY";"0";"0";"0";"13";"35301";".."
"1573 Smøla";"10";"1694";"..";"25";"49740";".."
"5136 MJØLKERÅEN";"0";"0";"0";"26";"80752";".."
"7652 VERDAL";"23";"6424";"..";"30";"99918";".."
"7971 KOLVEREID";"0";"0";"0";"49";"77275";".."
"5640 EIKELANDSOSEN";"0";"0";"0";"4";"..";".."
"8301 SVOLVÆR";"26";"4839";"..";"27";"62506";".."
"5235 RÅDAL";"1";"..";"..";"10";"10177";".."
"9300 FINNSNES";"22";"8314";"..";"94";"270839";".."
"9109 KVALØYA";"0";"0";"0";"133";"523131";".."
"3051 MJØNDALEN";"36";"15719";"..";"97";"315678";".."
"1326 LYSAKER";"0";"0";"0";"120";"492851";".."
"3184 BORRE";"73";"38425";"..";"445";"987450";".."
"0788 OSLO";"35";"14390";"..";"376";"1276471";".."
"3665 SAULAND";"20";"4577";"..";"106";"349636";".."
"1570 DILLING";"0";"0";"0";"157";"540867";".."
"4103 JØRPELAND";"23";"6472";"..";"96";"208471";".."
"0174 OSLO";"0";"0";"0";"94";"142701";".."
"5464 DIMMELSVIK";"0";"0";"0";"84";"295970";".."
"4696 KRISTIANSAND S";"30";"11102";"..";"101";"267045";".."
"9765 GJESVÆR";"0";"0";"0";"49";"105483";".."
"0441 OSLO";"0";"0";"0";"272";"774072";".."
"1341 SLEPENDEN";"30";"14893";"..";"142";"207949";".."
"6475 MIDSUND";"0";"0";"0";"443";"1171671";".."
"0592 OSLO";"0";"0";"0";"175";"552419";".."
"5437 FINNÅS";"28";"11868";"..";"78";"202650";".."
"5550 SVEIO";"15";"4737";"..";"106";"375196";".."
"1351 RUD";"0";"0";"0";"22";"57488";".."
"8700 NESNA";"46";"24700";"..";"90";"323734";".."
"8271 DRAG";"0";"0";"0";"349";"1035634";".."
"4644 SØGNE";"0";"0";"0";"113";"255066";".."
"2848 SKREIA";"80";"38845";"..";"156";"729815";".."
"1515 Herøy (Møre og Romsdal)";"17";"6726";"..";"140";"392468";".."
"5265 YTRE ARNA";"16";"1739";"..";"226";"391936";".."
"0188 OSLO";"65";"24123";"..";"162";"384745";".."
"4230 SAND";"0";"0";"0";"389";"698196";".."
"0018 OSLO";"0";"0";"0";"21";"43593";".."
"4354 VOLL";"0";"0";"0";"168";"1533502";".."
"0679 OSLO";"30";"..";"..";"114";"408141";".."
"3071 SANDE I VESTFOLD";"46";"..";"..";"112";"174424";".."
"7410 TRONDHEIM";"0";"0";"0";"244";"1168181";".."
"3893 VINJESVINGEN";"0";"0";"0";"225";"891749";".."
"2510 TYLLDALEN";"0";"0";"0";"102";"249099";".."
"7801 NAMSOS";"0";"0";"0";"116";"156350";".."
"6420 MOLDE";"0";"0";"0";"87";"267489";".."
"5872 BERGEN";"0";"0";"0";"140";"182603";".."
"1083 OSLO";"0";"0";"0";"531";"1360389";".."
"3681 NOTODDEN";"17";"7237";"..";"121";"233224";".."
"1824 Vefsn";"62";"30099";"..";"170";"625856";".."
"1383 ASKER";"0";"0";"0";"61";"200169";".."
"7020 TRONDHEIM";"85";"..";"..";"235";"308092";".."
"7268 TITRAN";"0";"0";"0";"188";"923184";".."
"8672 ELSFJORD";"13";"4638";"..";"80";"233569";".."
"9502 ALTA";"38";"11343";"..";"254";"..";".."
"1255 OSLO";"24";"..";"..";"163";"479745";".."
"9162 SØRSTRAUMEN";"0";"0";"0";"132";"287427";".."
"6924 HARDBAKKE";"40";"19006";"..";"67";"116148";".."
"1520 Ørsta";"46";"23643";"..";"148";"453502";".."
"4677 KRISTIANSAND S";"11";"6951";"..";"202";"123032";".."
"4044 HAFRSFJORD";"0";"0";"0";"125";"426378";".."
"4803 ARENDAL";"0";"0";"0";"141";"654686";".."
"4071 RANDABERG";"81";"23775";"..";"332";"389792";".."
"7023 TRONDHEIM";"12";"4854";"..";"70";"228626";".."
"5099 BERGEN";"0";"0";"0";"445";"903760";".."
"3801 BØ I TELEMARK";"0";"0";"0";"191";"682049";".."
"4349 BRYNE";"82";"26716";"..";"125";"174982";".."
"8050 TVERLANDET";"13";"3000";"..";"72";"262208";".."
"4348 LYE";"67";"31908";"..";"113";"185976";".."
"8764 LOVUND";"37";"9673";"..";"178";"779220";".."
"0783 OSLO";"0";"0";"0";"327";"573927";".."
"5299 HAUS";"125";"21022";"..";"214";"445318";".."
"3630 RØDBERG";"0";"0";"0";"253";"418937";".."
"6629 TORJULVÅGEN";"0";"0";"0";"205";"458158";".."
"1831 ASKIM";"74";"29681";"..";"144";"174637";".."
"3029 DRAMMEN";"61";"29316";"..";"61";"142804";".."
"1678 KRÅKERØY";"0";"0";"0";"153";"..";".."
"6796 HOPLAND";"148";"83142";"..";"281";"880781";".."
"6419 MOLDE";"12";"4670";"..";"76";"271050";".."
"2029 RÆLINGEN";"0";"0";"0";"499";"1413249";".."
"5508 KARMSUND";"0";"0";"0";"111";"297590";".."
"6781 STRYN";"87";"29397";"..";"373";"1281072";".."
"8742 SELVÆR";"0";"0";"0";"733";"2378558";".."
"4225 Lyngdal";"0";"0";"0";"222";"611233";".."
"1447 DRØBAK";"53";"30647";"..";"109";"304217";".."
"2001 LILLESTRØM";"5";"..";"..";"66";"115392";".."
"2602 LILLEHAMMER";"18";"6992";"..";"119";"612727";".."
"4550 FARSUND";"0";"0";"0";"159";"320627";".."
"3603 KONGSBERG";"0";"0";"0";"163";"377196";".."
"8507 NARVIK";"17";"3982";"..";"72";"412773";".."
"4843 ARENDAL";"0";"0";"0";"81";"132515";".."
"1441 DRØBAK";"0";"0";"0";"179";"517551";".."
"5711 SKULESTADMO";"0";"0";"0";"255";"914784";".."
"9402 HARSTAD";"0";"0";"0";"85";"406126";".."
"6265 VATNE";"12";"..";"..";"109";"170468";".."
"7606 LEVANGER";"37";"16056";"..";"92";"276350";".."
"1165 OSLO";"72";"29144";"..";"184";"322304";".."
"0595 OSLO";"0";"0";"0";"491";"1165913";".."
"3082 HOLMESTRAND";"0";"0";"0";"144";"506541";".."
"4207 Flekkefjord";"0";"0";"0";"179";"500490";".."
"4209 VANVIK";"0";"0";"0";"303";"449433";".."
"2678 SEL";"0";"0";"0";"66";"218081";".."
"4270 ÅKREHAMN";"118";"49259";"..";"317";"777613";".."
"7284 MAUSUND";"11";"3637";"..";"109";"346619";".."
"3936 PORSGRUNN";"0";"0";"0";"65";"112592";".."
"6851 SOGNDAL";"54";"17283";"..";"420";"1403697";".."
"1742 KLAVESTADHAUGEN (synt4362)";"29";"..";"..";"208";"489747";".."
"7624 EKNE";"0";"0";"0";"220";"580124";".."
"0766 OSLO";"0";"0";"0";"170";"396037";".."
"4641 SØGNE";"25";"10846";"..";"253";"705965";".."
"1356 BEKKESTUA";"0";"0";"0";"170";"231987";".."
"7484 TRONDHEIM";"75";"22983";"..";"263";"638910";".."
"6472 EIKESDAL";"0";"0";"0";"96";"321120";".."
"3230 SANDEFJORD";"49";"15520";"..";"859";"2276834";".."
"5892 BERGEN";"0";"0";"0";"112";"329044";".."
"0775 OSLO";"43";"15841";"..";"261";"760061";".."
"9014 TROMSØ";"0";"0";"0";"84";"176797";".."
"5029 Skaun";"0";"0";"0";"175";"789569";".."
"0908 OSLO";"0";"0";"0";"157";"403589";".."
"0130 OSLO";"0";"0";"0";"130";"337202";".."
"2833 RAUFOSS";"0";"0";"0";"215";"351490";".."
"9423 GRØTAVÆR";"27";"9702";"..";"80";"212848";".."
"8488 NØSS";"32";"13598";"..";"107";"282441";".."
"3036 DRAMMEN";"32";"15511";"..";"43";"150769";".."
"6094 LEINØY";"65";"26008";"..";"174";"282093";".."
"1801 ASKIM";"18";"..";"..";"109";"625767";".."
"6946 LAVIK";"0";"0";"0";"171";"..";".."
"7201 KYRKSÆTERØRA";"0";"0";"0";"88";"163721";".."
"1153 OSLO";"0";"0";"0";"83";"288171";".."
"9292 TROMSØ";"0";"0";"0";"178";"469493";".."
"5229 KALANDSEIDET";"29";"11659";"..";"201";"338673";".."
"9489 HARSTAD";"0";"0";"0";"254";"985581";".."
"4617 Kvinnherad";"0";"0";"0";"195";"521996";".."
"5567 SKJOLDASTRAUMEN";"0";"0";"0";"231";"982398";".."
"4326 SANDNES";"88";"18325";"..";"335";"764937";".."
"3666 ATRÅ";"0";"0";"0";"555";"784580";".."
"6628 MEISINGSET";"0";"0";"0";"101";"227506";".."
"0569 OSLO";"0";"0";"0";"197";"480390";".."
"1931 AURSKOG";"18";"..";"..";"114";"192289";".."
"9181 HAMNEIDET";"37";"21401";"..";"84";"247468";".."
"6793 INNVIK";"75";"18157";"..";"340";"493935";".."
"6811 FØRDE";"71";"61809";"..";"146";"567766";".."
"9952 VARDØ";"0";"0";"0";"181";"709064";".."
"5498 MATRE";"34";"16691";"..";"113";"133348";".."
"2315 HAMAR";"132";"49325";"..";"455";"1282016";".."
"3915 PORSGRUNN";"55";"25661";"..";"280";"429635";".."
"3355 SOLUMSMOEN";"32";"14037";"..";"65";"250044";".."
"7291 STØREN";"0";"0";"0";"127";"74901";".."
"4980 GJERSTAD";"0";"0";"0";"308";"998538";".."
"8616 MO I RANA";"0";"0";"0";"140";"304383";".."
"5263 TRENGEREID";"115";"13182";"..";"354";"911489";".."
"4972 GJERSTAD";"9";"3681";"..";"52";"155629";".."
"7335 JERPSTAD";"42";"17098";"..";"305";"333586";".."
"8286 NORDFOLD";"0";"0";"0";"268";"397579";".."
"7049 TRONDHEIM";"29";"15961";"..";"73";"169530";".."
"0351 OSLO";"85";"..";"..";"480";"1926249";".."
"9552 ØKSFJORDEN";"0";"0";"0";"131";"157959";".."
"4847 ARENDAL";"17";"4820";"..";"145";"566274";".."
"8320 SKROVA";"0";"0";"0";"363";"760805";".."
"0661 OSLO";"0";"0";"0";"252";"784762";".."
"0340 OSLO";"33";"14543";"..";"108";"418201";".."
"0367 OSLO";"0";"0";"0";"128";"414018";".."
"4361 SIREVÅG";"0";"0";"0";"151";"352211";".."
"3580 GEILO";"0";"0";"0";"98";"304810";".."
"4902 TVEDESTRAND";"41";"18688";"..";"232";"296023";".."
"2541 TOLGA";"0";"0";"0";"82";"281557";".."
"8317 STRØNSTAD";"58";"26397";"..";"100";"240739";".."
"5728 EIDSLANDET";"0";"0";"0";"435";"1255840";".."
"7267 KVERVA";"0";"0";"0";"60";"138923";".."
"1579 Hustadvika";"0";"0";"0";"177";"522135";".."
"9615 HAMMERFEST";"7";"3424";"..";"107";"470312";".."
"9335 ØVERBYGD";"0";"0";"0";"181";"534324";".."
"5111 BREISTEIN";"0";"0";"0";"206";"383130";".."
"5333 TJELDSTØ";"0";"0";"0";"139";"467127";".."
"7490 TRONDHEIM";"0";"0";"0";"107";"193510";".."
"6737 ÅLFOTEN";"0";"0";"0";"138";"348379";".."
"6903 FLORØ";"0";"0";"0";"605";"1225399";".."
"8827 DØNNA";"0";"0";"0";"176";"585605";".."
"5060 Nærøysund";"0";"0";"0";"153";"410168";".."
"2555 TUFSINGDALEN";"144";"73695";"..";"721";"3175242";".."
"7206 HELLANDSJØEN";"85";"48108";"..";"121";"418282";".."
"6272 HILDRE";"60";"20105";"..";"233";"734385";".."
"1531 Sula";"18";"7910";"..";"183";"610558";".."
"1870 Sortland - Suortá";"55";"25727";"..";"202";"695797";".."
"4265 HÅVIK";"0";"0";"0";"230";"741221";".."
"7045 TRONDHEIM";"71";"29924";"..";"42";"137676";".."
"4200 SAUDA";"0";"0";"0";"117";"..";".."
"5895 BERGEN";"0";"0";"0";"332";"1612110";".."
"1865 Vågan";"27";"10952";"..";"139";"473289";".."
"6908 FLORØ";"0";"0";"0";"153";"347770";".."
"4618 KRISTIANSAND S";"0";"0";"0";"52";"154467";".."
"3579 TORPO";"0";"0";"0";"95";"208551";".."
"9804 VADSØ";"56";"25128";"..";"355";"529303";".."
"2017 FROGNER";"0";"0";"0";"133";"493532";".."
"7467 TRONDHEIM";"27";"14426";"..";"168";"558181";".."
"5326 ASK";"52";"16054";"..";"369";"781537";".."
"0881 OSLO";"40";"18743";"..";"258";"471717";".."
"0252 OSLO";"0";"0";"0";"348";"690158";".."
"3171 SEM";"0";"0";"0";"639";"1479553";".."
"0981 OSLO";"111";"30018";"..";"387";"996332";".."
"1860 Vestvågøy";"37";"11720";"..";"184";"552459";".."
"9275 TROMSØ";"23";"3239";"..";"71";"175831";".."
"3300 HOKKSUND";"80";"54929";"..";"231";"..";".."
"3007 DRAMMEN";"88";"41634";"..";"136";"324269";".."
"9484 HARSTAD";"0";"0";"0";"348";"969950";".."
"0785 OSLO";"0";"0";"0";"182";"..";".."
"3701 SKIEN";"35";"14429";"..";"222";"480033";".."
"3511 HØNEFOSS";"0";"0";"0";"192";"324845";".."
"7338 MELDAL";"15";"3765";"..";"181";"..";".."
"6454 HJELSET";"60";"29136";"..";"105";"289928";".."
"6096 RUNDE";"0";"0";"0";"286";"256124";".."
"5335 HERNAR";"0";"0";"0";"320";"622003";".."
"1319 BEKKESTUA";"48";"..";"..";"271";"649429";".."
"1910 ENEBAKKNESET";"0";"0";"0";"177";"597172";".."
"4068 STAVANGER";"48";"15722";"..";"241";"407532";".."
"3620 FLESBERG";"105";"37969";"..";"309";"815137";".."
"1329 LOMMEDALEN";"67";"50128";"..";"115";"266604";".."
"1710 SARPSBORG";"0";"0";"0";"429";"1449541";".."
"3446 Gran";"0";"0";"0";"204";"651153";".."
"2231 SKOTTERUD";"87";"58487";"..";"176";"226101";".."
"0422 OSLO";"51";"14253";"..";"397";"1242174";".."
"0540 OSLO";"0";"0";"0";"190";"525071";".."
"3162 ANDEBU";"24";"3053";"..";"151";"496290";".."
"1930 AURSKOG";"83";"20938";"..";"133";"388835";".."
"9732 KARASJOK";"18";"6392";"..";"112";"196886";".."
"1352 KOLSÅS";"0";"0";"0";"142";"353923";".."
"4613 Bømlo";"0";"0";"0";"190";"484429";".."
"4675 KRISTIANSAND S";"0";"0";"0";"523";"1060887";".."
"6450 HJELSET";"0";"0";"0";"132";"296134";".."
"2443 DREVSJØ";"0";"0";"0";"147";"453831";".."
"3538 SOLLIHØGDA";"0";"0";"0";"505";"754795";".."
"2760 BRANDBU";"0";"0";"0";"211";"431672";".."
"3443 Vestre Toten";"0";"0";"0";"205";"530184";".."
"1833 ASKIM";"61";"34005";"..";"54";"196899";".."
"8543 KJELDEBOTN";"0";"0";"0";"116";"311104";".."
"5519 HAUGESUND";"0";"0";"0";"298";"921245";".."
"5591 ETNE";"23";"13670";"..";"111";"462579";".."
"2329 VANG PÅ HEDMARKEN";"0";"0";"0";"271";"429459";".."
"1291 OSLO";"0";"0";"0";"131";"430989";".."
"1380 HEGGEDAL";"109";"39638";"..";"275";"642520";".."
"6397 TRESFJORD";"0";"0";"0";"360";"1066071";".."
"7738 STEINKJER";"0";"0";"0";"312";"724285";".."
"3053 STEINBERG";"0";"0";"0";"263";"738110";".."
"1577 Volda";"0";"0";"0";"153";"478217";".."
"5398 STOLMEN";"95";"51179";"..";"312";"1087556";".."
"1465 STRØMMEN";"0";"0";"0";"148";"352894";".."
"1661 ROLVSØY";"0";"0";"0";"203";"570351";".."
"1101 OSLO";"76";"31601";"..";"114";"150545";".."
"1766 HALDEN";"33";"15587";"..";"425";"1420413";".."
"9309 FINNSNES";"26";"5906";"..";"121";"290698";".."
"7370 BREKKEBYGD";"28";"14149";"..";"129";"463513";".."
"1146 Tysvær";"48";"19240";"..";"189";"581245";".."
"1620 GRESSVIK";"0";"0";"0";"100";"248960";".."
"6601 SUNNDALSØRA";"38";"25561";"..";"117";"269308";".."
"0882 OSLO";"0";"0";"0";"251";"545823";".."
"8287 ENGELØYA";"0";"0";"0";"692";"2135974";".."
"5035 BERGEN";"11";"4178";"..";"134";"326307";".."
"4124 TAU";"64";"44752";"..";"347";"1058226";".."
"6776 KJØLSDALEN";"61";"15038";"..";"192";"1756922";".."
"2882 DOKKA";"40";"9898";"..";"231";"660693";".."
"7174 REVSNES";"53";"12084";"..";"393";"655918";".."
"2862 FLUBERG";"0";"0";"0";"315";"711206";".."
"7744 HEPSØY";"0";"0";"0";"159";"421104";".."
"5417 STORD";"0";"0";"0";"385";"1043254";".."
"1510 MOSS";"0";"0";"0";"150";"332255";".."
"3141 KJØPMANNSKJÆR";"0";"0";"0";"240";"714960";".."
"0603 OSLO";"0";"0";"0";"204";"857000";".."
"6976 BYGSTAD";"39";"13356";"..";"204";"519115";".."
"9334 ØVERBYGD";"0";"0";"0";"569";"1730772";".."
"6425 MOLDE";"21";"5988";"..";"232";"447747";".."
"7089 HEIMDAL";"0";"0";"0";"128";"346080";".."
"8084 BODØ";"0";"0";"0";"149";"333560";".."
"6082 GURSKEN";"0";"0";"0";"325";"834824";".."
"5109 HYLKJE";"0";"0";"0";"290";"490061";".."
"9455 ENGENES";"0";"0";"0";"186";"432328";".."
"8481 BLEIK";"240";"76079";"..";"880";"769743";".."
"4375 HELLVIK";"0";"0";"0";"344";"1200711";".."
"4892 GRIMSTAD";"59";"25947";"..";"229";"550376";".."
"5057 Ørland";"0";"0";"0";"172";"489624";".."
"8310 KABELVÅG";"5";"2542";"..";"319";"399160";".."
"6012 ÅLESUND";"0";"0";"0";"83";"128450";".."
"1675 KRÅKERØY";"0";"0";"0";"39";"79386";".."
"4735 EVJE";"0";"0";"0";"31";"127128";".."
"6704 DEKNEPOLLEN";"0";"0";"0";"283";"550117";".."
"7164 LYSØYSUNDET";"0";"0";"0";"190";"722988";".."
"3058 SOLBERGMOEN";"0";"0";"0";"217";"637530";".."
"2150 ÅRNES";"66";"30240";"..";"588";"1260402";".."
"6869 HAFSLO";"135";"61365";"..";"511";"899188";".."
"3204 SANDEFJORD";"122";"23916";"..";"259";"887937";".."
"8211 FAUSKE";"0";"0";"0";"367";"1643806";".."
"2714 JAREN";"0";"0";"0";"164";"473152";".."
"6401 MOLDE";"16";"8011";"..";"109";"221038";".."
"3802 BØ I TELEMARK";"0";"0";"0";"125";"598149";".."
"9583 LANGFJORDHAMN";"0";"0";"0";"299";"1134238";".."
"8298 HAMARØY";"5";"1358";"..";"472";"772509";".."
"6095 BØLANDET";"0";"0";"0";"398";"1111236";".."
"2621 VINGROM";"61";"21872";"..";"259";"547264";".."
"0415 OSLO";"135";"31696";"..";"118";"430948";".."
"3077 SANDE I VESTFOLD";"0";"0";"0";"400";"1291174";".."
"7037 TRONDHEIM";"0";"0";"0";"148";"582296";".."
"6713 ALMENNINGEN";"0";"0";"0";"160";"507504";".."
"0972 OSLO";"0";"0";"0";"220";"275113";".."
"9380 GRYLLEFJORD";"48";"22175";"..";"110";"188925";".."
"5979 BYRKNESØY";"138";"59345";"..";"227";"637520";".."
"2426 LJØRDALEN";"0";"0";"0";"623";"979956";".."
"0903 OSLO";"18";"6749";"..";"114";"279915";".."
"3628 VEGGLI";"0";"0";"0";"186";"126692";".."
"6973 SANDE I SUNNFJORD";"5";"2534";"..";"178";"300349";".."
"7088 HEIMDAL";"0";"0";"0";"144";"374838";".."
"2164 SKOGBYGDA";"0";"0";"0";"109";"243093";".."
"8085 BODØ";"23";"5204";"..";"135";"194320";".."
"4602 Kinn";"0";"0";"0";"206";"711515";".."
"3010 DRAMMEN";"0";"0";"0";"307";"513733";".."
"8374 BALLSTAD";"0";"0";"0";"172";"446268";".."
"6280 SØVIK";"0";"0";"0";"207";"511463";".."
"9386 SENJAHOPEN";"0";"0";"0";"190";"..";".."
"5232 PARADIS";"53";"25813";"..";"180";"452602";".."
"0669 OSLO";"0";"0";"0";"352";"458852";".."
"5858 BERGEN";"28";"6600";"..";"209";"588340";".."
"9436 KONGSVIK";"61";"26440";"..";"427";"517984";".."
"6065 ULSTEINVIK";"44";"13712";"..";"361";"728019";".."
"5170 BJØRNDALSTRÆ";"2";"467";"..";"563";"1083059";".."
"6069 HAREID";"0";"0";"0";"312";"687494";".."
"5600 NORHEIMSUND";"0";"0";"0";"125";"174448";".."
"5305 FLORVÅG";"8";"3630";"..";"27";"59290";".."
"0255 OSLO";"80";"35080";"..";"220";"627411";".."
"8158 BOLGA";"0";"0";"0";"295";"962606";".."
"8762 SLENESET";"0";"0";"0";"547";"1166432";".."
"4857 ARENDAL";"0";"0";"0";"228";"628825";".."
"7726 STEINKJER";"208";"50958";"..";"734";"2214728";".."
"2966 SLIDRE";"0";"0";"0";"537";"1538498";".."
"1068 OSLO";"0";"0";"0";"195";"566840";".."
"4604 KRISTIANSAND S";"134";"32562";"..";"133";"516857";".."
"4215 Lillesand";"0";"0";"0";"208";"761610";".."
"2101 SKARNES";"37";"15402";"..";"293";"528511";".."
"1811 ASKIM";"0";"0";"0";"452";"1626249";".."
"4950 RISØR";"0";"0";"0";"611";"2624163";".."
"5647 BALDERSHEIM";"50";"13309";"..";"288";"1007901";".."
"7066 TRONDHEIM";"0";"0";"0";"123";"171224";".."
"3244 SANDEFJORD";"324";"82411";"..";"906";"2157579";".."
"5016 BERGEN";"0";"0";"0";"147";"178091";".."
"1633 GAMLE FREDRIKSTAD";"216";"43702";"..";"764";"1537941";".."
"7017 TRONDHEIM";"232";"52924";"..";"381";"1267318";".."
"3179 ÅSGÅRDSTRAND";"62";"11600";"..";"120";"162170";".."
"6291 HARAMSØY";"0";"0";"0";"273";"735634";".."
"0782 OSLO";"0";"0";"0";"323";"1140275";".."
"5612 STEINSTØ";"85";"46471";"..";"297";"1316621";".."
"8188 NORDVÆRNES";"0";"0";"0";"180";"424063";".."
"8735 STOKKVÅGEN";"0";"0";"0";"571";"549333";".."
"3261 LARVIK";"0";"0";"0";"171";"328585";".."
"5486 ROSENDAL";"0";"0";"0";"177";"234628";".."
"7159 BJUGN";"0";"0";"0";"304";"812647";".."
"4888 HOMBORSUND";"0";"0";"0";"609";"2201448";".."
"1154 OSLO";"0";"0";"0";"331";"567247";".."
"9102 KVALØYSLETTA";"92";"22283";"..";"168";"318644";".."
"6750 STADLANDET";"0";"0";"0";"933";"1223064";".."
"3536 NORESUND";"91";"28215";"..";"237";"1043982";".."
"3081 HOLMESTRAND";"0";"0";"0";"87";"202816";".."
"3015 DRAMMEN";"0";"0";"0";"177";"670478";".."
"3112 TØNSBERG";"60";"20865";"..";"173";"305171";".."
"3523 NES I ÅDAL";"154";"78775";"..";"178";"657430";".."
"4034 STAVANGER";"0";"0";"0";"419";"799319";".."
"9843 TANA";"0";"0";"0";"206";"438069";".."
"7031 TRONDHEIM";"0";"0";"0";"181";"494806";".."
"9425 SANDSØY";"0";"0";"0";"265";"899607";".."
"1480 SLATTUM";"0";"0";"0";"246";"592505";".."
"4920 STAUBØ";"89";"22927";"..";"258";"222446";".."
"2847 KOLBU";"0";"0";"0";"138";"278383";".."
"3675 NOTODDEN";"172";"..";"..";"857";"1668869";".."
"6906 FLORØ";"21";"5850";"..";"106";"240343";".."
"3560 HEMSEDAL";"0";"0";"0";"140";"355588";".."
"2206 KONGSVINGER";"0";"0";"0";"156";"..";".."
"6462 RAUDSAND";"0";"0";"0";"148";"..";".."
"6620 ÅLVUNDEID";"0";"0";"0";"428";"550267";".."
"3442 Østre Toten";"0";"0";"0";"224";"638158";".."
"6480 AUKRA";"0";"0";"0";"524";"1607430";".."
"7093 TILLER";"0";"0";"0";"109";"199777";".."
"8485 DVERBERG";"0";"0";"0";"438";"1130213";".."
"8387 FREDVANG";"98";"58256";"..";"463";"731395";".."
"0501 OSLO";"0";"0";"0";"151";"258449";".."
"6047 ÅLESUND";"0";"0";"0";"315";"825222";".."
"3208 SANDEFJORD";"0";"0";"0";"134";"263147";".."
"3177 VÅLE";"0";"0";"0";"198";"404110";".."
"1623 GRESSVIK";"0";"0";"0";"171";"415906";".."
"1753 HALDEN";"0";"0";"0";"86";"61345";".."
"1168 OSLO";"0";"0";"0";"230";"901907";".."
"9454 ÅNSTAD";"0";"0";"0";"469";"542127";".."
"2416 JØMNA";"0";"0";"0";"294";"807917";".."
"4816 KOLBJØRNSVIK";"71";"30821";"..";"147";"453486";".."
"3947 LANGANGEN";"84";"46518";"..";"332";"1185672";".."
"1859 SLITU";"0";"0";"0";"451";"1210408";".."
"4153 BRIMSE";"99";"22379";"..";"469";"1844993";".."
"6153 ØRSTA";"0";"0";"0";"58";"145230";".."
"7995 LEKA";"37";"17012";"..";"207";"1074876";".."
"5725 VAKSDAL";"0";"0";"0";"140";"450267";".."
"9476 BORKENES";"72";"25387";"..";"422";"1246552";".."
"2016 FROGNER";"66";"16094";"..";"219";"462382";".."
"5008 BERGEN";"0";"0";"0";"255";"1294189";".."
"9444 HOL I TJELDSUND";"190";"43295";"..";"474";"1480228";".."
"0764 OSLO";"0";"0";"0";"368";"1215573";".."
"7246 SANDSTAD";"0";"0";"0";"390";"1111293";".."
"5254 SANDSLI";"34";"18283";"..";"254";"613467";".."
"0161 OSLO";"181";"77684";"..";"355";"878910";".."
"5532 HAUGESUND";"0";"0";"0";"403";"1391380";".."
"8522 BEISFJORD";"47";"4855";"..";"303";"955178";".."
"1630 GAMLE FREDRIKSTAD";"0";"0";"0";"216";"588573";".."
"0055 OSLO";"135";"37451";"..";"288";"405131";".."
"1720 GREÅKER";"0";"0";"0";"167";"148109";".."
"1592 VÅLER I ØSTFOLD";"270";"78818";"..";"715";"1562927";".."
"0311 OSLO";"102";"11586";"..";"145";"546135";".."
"6721 SVELGEN";"0";"0";"0";"337";"1153970";".."
"3634 NORE";"0";"0";"0";"201";"365917";".."
"4621 Voss";"0";"0";"0";"186";"738949";".."
"0131 OSLO";"90";"30584";"..";"320";"843670";".."
"1903 GAN";"0";"0";"0";"562";"775819";".."
"5006 Steinkjer - Stïentje";"0";"0";"0";"320";"1056275";".."
"1642 SALTNES";"0";"0";"0";"643";"1305920";".."
"5310 HAUGLANDSHELLA";"22";"9137";"..";"110";"251685";".."
"2806 GJØVIK";"54";"35455";"..";"220";"383898";".."
"5039 BERGEN (synt4123)";"0";"0";"0";"581";"1907572";".."
"7442 TRONDHEIM";"49";"..";"..";"105";"229025";".."
"1327 LYSAKER";"0";"0";"0";"493";"865082";".."
"4096 RANDABERG";"0";"0";"0";"494";"1382486";".."
"6430 BUD";"46";"33596";"..";"559";"1810758";".."
"5209 OS";"0";"0";"0";"207";"462069";".."
"6800 FØRDE";"0";"0";"0";"163";"387617";".."
"6613 GJØRA";"108";"40251";"..";"564";"1543283";".."
"6804 FØRDE";"0";"0";"0";"279";"730235";".."
"0518 OSLO";"0";"0";"0";"483";"1495224";".."
"3612 KONGSBERG";"78";"31123";"..";"744";"976081";".."
"6002 ÅLESUND";"0";"0";"0";"170";"..";".."
"3716 SKIEN";"30";"23111";"..";"45";"121012";".."
"1776 HALDEN";"72";"14730";"..";"215";"727096";".."
"9271 TROMSØ";"0";"0";"0";"466";"1411428";".."
"4128 FLØRLI";"82";"17814";"..";"231";"868245";".."
"4720 HÆGELAND";"245";"73224";"..";"753";"2293911";".."
"3530 RØYSE";"0";"0";"0";"500";"1459347";".."
"5114 TERTNES";"66";"25123";"..";"558";"..";".."
"0670 OSLO";"0";"0";"0";"329";"822010";".."
"6149 ÅRAM";"0";"0";"0";"171";"575945";".."
"6912 KINN";"47";"25612";"..";"142";"405193";".."
"5978 MJØMNA";"16";"4244";"..";"218";"562747";".."
"1127 Randaberg";"85";"58278";"..";"178";"892300";".."
"0653 OSLO";"21";"7393";"..";"73";"239008";".."
"1806 Narvik";"0";"0";"0";"267";"922548";".."
"4974 SØNDELED";"0";"0";"0";"399";"1890673";".."
"5653 ÅRLAND";"107";"60020";"..";"155";"276297";".."
"0863 OSLO";"248";"59369";"..";"674";"1551925";".."
"4745 BYGLAND";"0";"0";"0";"290";"172821";".."
"7701 STEINKJER";"22";"6191";"..";"41";"73455";".."
"5414 STORD";"0";"0";"0";"443";"..";".."
"5059 Orkland";"0";"0";"0";"292";"857445";".."
"7737 STEINKJER";"82";"39405";"..";"1497";"2348885";".."
"6894 VANGSNES";"0";"0";"0";"97";"205455";".."
"1278 OSLO";"0";"0";"0";"289";"515784";".."
"3104 TØNSBERG";"0";"0";"0";"98";"207890";".."
"8534 LILAND";"0";"0";"0";"497";"1139945";".."
"1430 ÅS";"78";"34775";"..";"216";"476599";".."
"8098 LANDEGODE";"0";"0";"0";"546";"637592";".."
"5003 BERGEN";"0";"0";"0";"448";"963935";".."
"1130 Strand";"54";"26960";"..";"321";"1094751";".."
"2805 GJØVIK (synt3619)";"367";"46286";"..";"942";"2221223";".."
"9485 HARSTAD";"0";"0";"0";"291";"870781";".."
"5832 BERGEN";"0";"0";"0";"140";"252851";".."
"5037 Levanger - Levangke";"0";"0";"0";"238";"913473";".."
"7244 KNARRLAGSUND";"0";"0";"0";"179";"377705";".."
"7492 TRONDHEIM";"64";"21031";"..";"175";"896586";".."
"1101 Eigersund";"96";"37788";"..";"237";"713249";".."
"1081 OSLO";"0";"0";"0";"464";"1095294";".."
"2812 GJØVIK";"0";"0";"0";"158";"494549";".."
"1917 YTRE ENEBAKK";"57";"20643";"..";"206";"505434";".."
"6088 SANDSHAMN";"0";"0";"0";"686";"3692664";".."
"0978 OSLO";"0";"0";"0";"148";"299323";".."
"2450 RENA";"0";"0";"0";"663";"1953718";".."
"6421 MOLDE";"0";"0";"0";"839";"2728373";".."
"9365 BARDU";"32";"8627";"..";"79";"346246";".."
"6854 KAUPANGER";"0";"0";"0";"155";"390037";".."
"7329 SVORKMO";"0";"0";"0";"1769";"6791977";".."
"2302 HAMAR";"67";"33718";"..";"177";"362637";".."
"8019 BODØ";"0";"0";"0";"436";"748632";".."
"3930 PORSGRUNN";"0";"0";"0";"169";"328296";".."
"5829 BERGEN";"0";"0";"0";"87";"109106";".."
"3019 DRAMMEN";"0";"0";"0";"128";"173662";".."
"4372 EGERSUND";"0";"0";"0";"248";"820436";".."
"3849 VRÅLIOSEN";"15";"4567";"..";"204";"709870";".."
"7711 STEINKJER";"0";"0";"0";"246";"732564";".."
"3684 NOTODDEN";"0";"0";"0";"653";"1797693";".."
"3295 HELGEROA";"53";"22028";"..";"429";"1421541";".."
"4643 SØGNE";"0";"0";"0";"217";"440599";".."
"5038 Verdal";"0";"0";"0";"196";"834513";".."
"1609 FREDRIKSTAD";"0";"0";"0";"375";"1065418";".."
"5164 LAKSEVÅG";"0";"0";"0";"231";"551892";".."
"3535 KRØDEREN";"0";"0";"0";"87";"102475";".."
"6240 ØRSKOG";"65";"20744";"..";"457";"1735599";".."
"7605 LEVANGER";"87";"24404";"..";"179";"416647";".."
"1449 DRØBAK";"0";"0";"0";"216";"600020";".."
"2863 VESTSIDA";"0";"0";"0";"485";"852827";".."
"2818 GJØVIK";"0";"0";"0";"605";"1666321";".."
"4994 AKLAND";"0";"0";"0";"231";"667411";".."
"5374 STEINSLAND";"0";"0";"0";"814";"1698790";".."
"0401 OSLO";"0";"0";"0";"177";"549390";".."
"4291 KOPERVIK";"0";"0";"0";"206";"310358";".."
"3192 HORTEN";"0";"0";"0";"486";"1667577";".."
"6680 HALSANAUSTAN";"54";"21008";"..";"299";"1023046";".."
"1306 SANDVIKA";"0";"0";"0";"318";"1211800";".."
"4027 STAVANGER";"0";"0";"0";"165";"253346";".."
"1760 HALDEN";"0";"0";"0";"677";"1733644";".."
"3471 SLEMMESTAD";"49";"27169";"..";"147";"546672";".."
"3832 LUNDE";"101";"28703";"..";"389";"1060549";".."
"5419 FITJAR";"0";"0";"0";"191";"890921";".."
"1067 OSLO";"0";"0";"0";"423";"1040613";".."
"7437 TRONDHEIM";"18";"6155";"..";"135";"568474";".."
"1833 Rana - Raane";"80";"47031";"..";"221";"853395";".."
"4462 HOVSHERAD";"0";"0";"0";"169";"444628";".."
"3166 TOLVSRØD";"0";"0";"0";"135";"469710";".."
"5208 OS";"7";"2457";"..";"122";"193693";".."
"2930 BAGN";"33";"18103";"..";"182";"477967";".."
"5977 ÅNNELAND";"0";"0";"0";"705";"..";".."
"1359 EIKSMARKA";"210";"52673";"..";"490";"707337";".."
"7630 ÅSEN";"0";"0";"0";"238";"755477";".."
"8519 NARVIK";"123";"65512";"..";"338";"885756";".."
"7629 YTTERØY";"0";"0";"0";"320";"822450";".."
"1391 VOLLEN";"0";"0";"0";"291";"1234937";".."
"2687 BØVERDALEN";"127";"75907";"..";"278";"560729";".."
"4614 Stord";"0";"0";"0";"297";"876627";".."
"5444 ESPEVÆR";"248";"139520";"..";"874";"2363392";".."
"7140 OPPHAUG";"59";"17536";"..";"264";"573850";".."
"0364 OSLO";"0";"0";"0";"536";"1192027";".."
"3672 NOTODDEN";"41";"21410";"..";"330";"544608";".."
"4657 KJEVIK";"319";"125589";"..";"591";"1255906";".."
"3944 PORSGRUNN";"67";"26260";"..";"276";"630107";".."
"7480 TRONDHEIM";"0";"0";"0";"366";"798685";".."
"5336 TJELDSTØ";"0";"0";"0";"382";"817538";".."
"0403 OSLO";"0";"0";"0";"591";"1136767";".."
"6215 EIDSDAL";"95";"28771";"..";"160";"344776";".."
"7660 VUKU";"0";"0";"0";"300";"488772";".."
"4865 ÅMLI";"68";"34130";"..";"113";"250153";".."
"1784 HALDEN";"50";"15495";"..";"207";"718197";".."
"6320 ISFJORDEN";"0";"0";"0";"310";"675056";".."
"1064 OSLO";"135";"58758";"..";"246";"454543";".."
"2446 ELGÅ";"0";"0";"0";"955";"2525667";".."
"7374 RØROS";"0";"0";"0";"349";"1243715";".."
"2211 KONGSVINGER";"14";"3284";"..";"213";"604313";".."
"8861 TJØTTA";"0";"0";"0";"297";"356571";".."
"8447 LONKAN";"0";"0";"0";"1143";"1649689";".."
"1616 FREDRIKSTAD";"0";"0";"0";"368";"803576";".."
"3401 Kongsvinger";"0";"0";"0";"204";"682463";".."
"6434 MOLDE";"32";"9062";"..";"106";"299756";".."
"4734 EVJE";"0";"0";"0";"262";"731302";".."
"8136 NORDARNØY";"0";"0";"0";"471";"1624684";".."
"7502 STJØRDAL";"0";"0";"0";"618";"1657787";".."
"4371 EGERSUND";"0";"0";"0";"79";"108356";".."
"7819 FOSSLANDSOSEN";"43";"8622";"..";"160";"281921";".."
"4121 TAU";"0";"0";"0";"155";"567398";".."
"7016 TRONDHEIM";"0";"0";"0";"435";"950820";".."
"6410 MOLDE";"0";"0";"0";"360";"1216349";".."
"3901 PORSGRUNN";"0";"0";"0";"695";"1486494";".."
"2584 DALHOLEN";"53";"33530";"..";"313";"703046";".."
"9042 LAKSVATN";"157";"67417";"..";"706";"1362883";".."
"1404 SIGGERUD";"15";"6790";"..";"73";"92773";".."
"1378 NESBRU";"0";"0";"0";"102";"364675";".."
"1459 NESODDEN";"0";"0";"0";"202";"924122";".."
"4515 MANDAL";"13";"8474";"..";"133";"758187";".."
"2641 KVAM";"54";"15755";"..";"163";"853895";".."
"5529 HAUGESUND";"0";"0";"0";"310";"939301";".."
"7224 MELHUS";"0";"0";"0";"407";"1130707";".."
"8202 FAUSKE";"92";"38805";"..";"261";"708773";".."
"1363 HØVIK";"0";"0";"0";"441";"853253";".."
"4666 KRISTIANSAND S";"0";"0";"0";"136";"345836";".."
"4640 Sogndal";"0";"0";"0";"224";"924021";".."
"5826 BERGEN";"31";"5651";"..";"413";"1049834";".."
"5453 UTÅKER";"14";"7195";"..";"253";"740982";".."
"9424 KJØTTA";"0";"0";"0";"1231";"4494725";".."
"3420 Elverum";"0";"0";"0";"370";"1164992";".."
"7796 FOLLAFOSS";"348";"81325";"..";"804";"3322198";".."
"2386 BRUMUNDDAL";"45";"18960";"..";"714";"933528";".."
"0862 OSLO";"137";"22244";"..";"518";"770870";".."
"1087 OSLO";"0";"0";"0";"733";"1361291";".."
"2831 RAUFOSS";"0";"0";"0";"378";"529925";".."
"1553 SON";"109";"45082";"..";"240";"353262";".."
"0891 OSLO";"0";"0";"0";"288";"1497302";".."
"2909 AURDAL";"73";"33636";"..";"782";"2910690";".."
"0173 OSLO";"0";"0";"0";"982";"1639426";".."
"8075 BODØ";"0";"0";"0";"276";"778025";".."
"3254 LARVIK";"58";"27999";"..";"278";"789798";".."
"4244 NESFLATEN";"0";"0";"0";"789";"2450883";".."
"4625 FLEKKERØY";"0";"0";"0";"199";"302681";".."
"3330 SKOTSELV";"78";"68937";"..";"845";"..";".."
"1511 MOSS";"0";"0";"0";"253";"699858";".."
"7795 FOLLAFOSS";"25";"7069";"..";"223";"474143";".."
"5742 FLÅM";"417";"118506";"..";"810";"3501639";".."
"0172 OSLO";"0";"0";"0";"690";"1362080";".."
"1481 HAGAN";"197";"66897";"..";"349";"1263558";".."
"0123 OSLO";"0";"0";"0";"414";"845873";".."
"6260 SKODJE";"0";"0";"0";"590";"3205927";".."
"0950 OSLO";"50";"8814";"..";"430";"980637";".."
"3225 SANDEFJORD";"101";"45810";"..";"274";"809696";".."
"0354 OSLO";"74";"28208";"..";"121";"308114";".."
"2815 GJØVIK";"48";"22851";"..";"113";"233954";".."
"5627 JONDAL";"0";"0";"0";"633";"1944364";".."
"0593 OSLO";"0";"0";"0";"713";"1964855";".."
"6640 KVANNE";"0";"0";"0";"689";"3427582";".."
"8809 SANDNESSJØEN";"0";"0";"0";"378";"1062596";".."
"3158 ANDEBU";"398";"66759";"..";"740";"1330794";".."
"9310 SØRREISA";"105";"28084";"..";"263";"581421";".."
"4049 HAFRSFJORD";"0";"0";"0";"286";"608775";".."
"3226 SANDEFJORD";"0";"0";"0";"336";"554147";".."
"8065 RØST";"69";"38352";"..";"1231";"8691825";".."
"6443 TORNES I ROMSDAL";"0";"0";"0";"221";"409932";".."
"1925 BLAKER";"0";"0";"0";"169";"471497";".."
"2073 BØN";"0";"0";"0";"484";"2362535";".."
"7495 TRONDHEIM";"98";"62922";"..";"600";"1396567";".."
"2611 LILLEHAMMER";"26";"8972";"..";"261";"1138660";".."
"5747 GUDVANGEN";"0";"0";"0";"440";"1791962";".."
"7207 YTRE SNILLFJORD";"119";"30045";"..";"623";"1981452";".."
"2827 HUNNDALEN";"49";"14669";"..";"312";"709475";".."
"4051 SOLA";"0";"0";"0";"272";"904595";".."
"5315 HERDLA";"0";"0";"0";"230";"429470";".."
"9105 KVALØYA";"68";"..";"..";"378";"1120964";".."
"0659 OSLO";"74";"26475";"..";"239";"508325";".."
"3131 HUSØYSUND";"0";"0";"0";"135";"288006";".."
"5650 TYSSE";"115";"42039";"..";"1352";"6358529";".."
"3870 FYRESDAL";"0";"0";"0";"293";"539914";".."
"2637 ØYER";"0";"0";"0";"95";"245280";".."
"6909 FLORØ";"0";"0";"0";"642";"1431694";".."
"0187 OSLO";"112";"48620";"..";"333";"640852";".."
"2384 BRUMUNDDAL";"96";"39538";"..";"758";"1898206";".."
"5121 ULSET";"0";"0";"0";"272";"593091";".."
"1112 OSLO";"0";"0";"0";"164";"469465";".."
"7468 TRONDHEIM";"93";"40837";"..";"939";"1803144";".."
"2967 LOMEN";"0";"0";"0";"312";"566336";".."
"5327 HAUGLANDSHELLA";"0";"0";"0";"205";"662488";".."
"0688 OSLO";"0";"0";"0";"405";"1534369";".."
"9145 SAMUELSBERG";"0";"0";"0";"264";"1177462";".."
"4205 Lindesnes";"0";"0";"0";"478";"1434572";".."
"7884 SØRLI";"64";"28084";"..";"373";"407788";".."
"2320 FURNES";"0";"0";"0";"2051";"3767455";".."
"4152 VESTRE ÅMØY";"0";"0";"0";"297";"1646948";".."
"9382 GIBOSTAD";"252";"51484";"..";"652";"3467073";".."
"3294 STAVERN";"0";"0";"0";"427";"1475633";".."
"6001 ÅLESUND";"0";"0";"0";"345";"696904";".."
"8408 SORTLAND";"0";"0";"0";"254";"482487";".."
"6968 FLEKKE";"117";"..";"..";"193";"316189";".."
"0048 OSLO";"0";"0";"0";"771";"2368487";".."
"2740 ROA";"361";"134273";"..";"697";"1612491";".."
"0215 OSLO";"0";"0";"0";"900";"1407841";".."
"0770 OSLO";"0";"0";"0";"318";"768525";".."
"3086 HOLMESTRAND";"0";"0";"0";"474";"1527121";".."
"7316 LENSVIK";"0";"0";"0";"341";"903496";".."
"1614 FREDRIKSTAD";"0";"0";"0";"143";"481931";".."
"5259 HJELLESTAD";"125";"37057";"..";"900";"1151392";".."
"2860 HOV";"0";"0";"0";"649";"2546470";".."
"5628 HERAND";"0";"0";"0";"1418";"2516296";".."
"1119 Hå";"94";"48488";"..";"373";"1257949";".."
"7342 LØNSET";"32";"11750";"..";"314";"571935";".."
"9501 ALTA";"0";"0";"0";"469";"1422085";".."
"4223 Vennesla";"0";"0";"0";"277";"733908";".."
"1122 Gjesdal";"66";"29642";"..";"203";"679725";".."
"7167 VALLERSUND";"0";"0";"0";"127";"245987";".."
"3618 SKOLLENBORG";"449";"204106";"..";"1941";"7004070";".."
"7750 NAMDALSEID";"222";"69431";"..";"841";"2123587";".."
"2627 FÅBERG";"0";"0";"0";"302";"789143";".."
"4029 STAVANGER";"174";"64254";"..";"469";"1667377";".."
"4350 KLEPPE";"0";"0";"0";"428";"1628073";".."
"2937 BEGNA";"0";"0";"0";"200";"592681";".."
"1505 Kristiansund";"0";"0";"0";"447";"1447584";".."
"3035 DRAMMEN";"0";"0";"0";"850";"2336822";".."
"3413 Stange";"0";"0";"0";"391";"1358736";".."
"0451 OSLO";"581";"159984";"..";"411";"1530127";".."
"5778 UTNE";"0";"0";"0";"269";"544249";".."
"4384 VIKESÅ";"0";"0";"0";"480";"1805012";".."
"5589 SANDEID";"386";"91276";"..";"1468";"5683649";".."
"5031 Malvik";"0";"0";"0";"300";"1318984";".."
"7228 KVÅL";"0";"0";"0";"77";"134492";".."
"5212 SØFTELAND";"140";"90512";"..";"389";"1431105";".."
"1512 MOSS";"0";"0";"0";"444";"929290";".."
"6728 KALVÅG";"0";"0";"0";"167";"340008";".."
"5694 ONARHEIM";"0";"0";"0";"204";"532587";".."
"4631 Alver";"0";"0";"0";"576";"1890631";".."
"1870 ØRJE";"0";"0";"0";"273";"569314";".."
"0693 OSLO";"103";"53186";"..";"853";"3379189";".."
"7114 RÅKVÅG";"42";"14807";"..";"538";"1090635";".."
"7030 TRONDHEIM";"286";"69765";"..";"749";"1130180";".."
"8614 MO I RANA";"0";"0";"0";"859";"3761480";".."
"1624 GRESSVIK";"0";"0";"0";"465";"1428149";".."
"2217 HOKKÅSEN";"34";"19363";"..";"198";"727043";".."
"0026 OSLO";"201";"44501";"..";"647";"1114767";".."
"0512 OSLO";"0";"0";"0";"207";"472068";".."
"2060 GARDERMOEN";"262";"110630";"..";"1177";"3878253";".."
"7491 TRONDHEIM";"0";"0";"0";"647";"2364909";".."
"1724 SARPSBORG";"0";"0";"0";"625";"1629738";".."
"9146 OLDERDALEN";"0";"0";"0";"186";"406151";".."
"7110 FEVÅG";"0";"0";"0";"1104";"2171096";".."
"2028 LILLESTRØM";"141";"36087";"..";"379";"607850";".."
"4078 STAVANGER";"0";"0";"0";"463";"1399345";".."
"6533 AVERØY";"0";"0";"0";"464";"2097170";".."
"3840 SELJORD";"0";"0";"0";"260";"554275";".."
"3766 SANNIDAL";"0";"0";"0";"749";"2344221";".."
"0784 OSLO";"0";"0";"0";"190";"460732";".."
"2344 ILSENG";"109";"40832";"..";"517";"737674";".."
"3614 KONGSBERG";"0";"0";"0";"441";"857186";".."
"2609 LILLEHAMMER";"75";"34264";"..";"450";"1554825";".."
"6151 ØRSTA";"84";"41440";"..";"169";"363280";".."
"9420 LUNDENES";"0";"0";"0";"374";"878315";".."
"4647 Sunnfjord";"0";"0";"0";"303";"1180296";".."
"3680 NOTODDEN";"186";"122320";"..";"675";"970503";".."
"5403 STORD";"106";"41334";"..";"335";"797552";".."
"3407 Gjøvik";"0";"0";"0";"455";"1549842";".."
"0664 OSLO";"0";"0";"0";"1017";"3423090";".."
"5409 STORD";"40";"21822";"..";"107";"354457";".."
"4744 BYGLAND";"0";"0";"0";"251";"786024";".."
"2080 EIDSVOLL";"0";"0";"0";"493";"920191";".."
"8261 INNHAVET";"0";"0";"0";"663";"2396935";".."
"2312 OTTESTAD";"0";"0";"0";"386";"715220";".."
"6547 KRISTIANSUND N";"0";"0";"0";"385";"674851";".."
"3176 UNDRUMSDAL";"0";"0";"0";"1225";"3229523";".."
"7126 VANVIKAN";"66";"15413";"..";"294";"926640";".."
"7074 SPONGDAL";"0";"0";"0";"586";"1153368";".."
"9527 KAUTOKEINO";"86";"64039";"..";"599";"1866001";".."
"3515 HØNEFOSS";"0";"0";"0";"260";"470699";".."
"5810 BERGEN";"0";"0";"0";"315";"456134";".."
"8004 BODØ";"270";"54699";"..";"834";"2039683";".."
"2461 OSEN";"0";"0";"0";"385";"944069";".."
"8523 SKJOMEN";"0";"0";"0";"2099";"4042055";".."
"5153 BØNES";"203";"98854";"..";"824";"1514621";".."
"6050 VALDERØYA";"183";"53091";"..";"232";"316768";".."
"7473 TRONDHEIM";"0";"0";"0";"664";"3236329";".."
"3276 SVARSTAD";"118";"88067";"..";"165";"362509";".."
"8613 MO I RANA";"124";"49263";"..";"521";"2402995";".."
"5028 Melhus";"0";"0";"0";"318";"1236038";".."
"3795 DRANGEDAL";"0";"0";"0";"446";"678447";".."
"7802 NAMSOS";"0";"0";"0";"848";"2312907";".."
"8692 HATTFJELLDAL";"25";"7191";"..";"123";"100507";".."
"3095 EIDSFOSS";"0";"0";"0";"923";"3224056";".."
"6726 BREMANGER";"160";"25905";"..";"717";"1903659";".."
"4150 RENNESØY";"0";"0";"0";"342";"744334";".."
"6292 KJERSTAD";"0";"0";"0";"268";"751264";".."
"4621 KRISTIANSAND S";"168";"80055";"..";"1075";"1873351";".."
"2311 HAMAR";"276";"42486";"..";"764";"3034960";".."
"5534 HAUGESUND";"0";"0";"0";"311";"713638";".."
"5257 KOKSTAD";"0";"0";"0";"387";"1048351";".."
"6219 HELLESYLT";"0";"0";"0";"531";"1238505";".."
"1121 Time";"79";"44563";"..";"480";"1908798";".."
"7810 NAMSOS";"0";"0";"0";"567";"2242643";".."
"2432 SLETTÅS";"50";"20205";"..";"149";"354479";".."
"9254 TROMSØ";"219";"53852";"..";"594";"1145198";".."
"3084 HOLMESTRAND";"183";"85831";"..";"209";"437904";".."
"2213 KONGSVINGER";"57";"27091";"..";"409";"937862";".."
"2661 HJERKINN";"176";"84945";"..";"1019";"1677990";".."
"0203 OSLO";"60";"19722";"..";"653";"1481615";".."
"4715 ØVREBØ";"0";"0";"0";"640";"1923778";".."
"9276 TROMSØ";"0";"0";"0";"160";"372656";".."
"5015 BERGEN";"0";"0";"0";"433";"1885623";".."
"3037 DRAMMEN";"93";"24652";"..";"322";"921146";".."
"9443 MYKLEBOSTAD";"0";"0";"0";"457";"1218213";".."
"8376 LEKNES";"105";"52803";"..";"407";"1743976";".."
"3996 PORSGRUNN";"0";"0";"0";"426";"884011";".."
"1366 LYSAKER";"133";"62583";"..";"1329";"4248114";".."
"3235 SANDEFJORD";"80";"15462";"..";"103";"432382";".."
"4092 STAVANGER";"0";"0";"0";"536";"1331289";".."
"1394 NESBRU";"27";"13498";"..";"471";"834945";".."
"3770 KRAGERØ";"121";"55168";"..";"507";"1445051";".."
"5035 Stjørdal";"0";"0";"0";"512";"2059995";".."
"4627 Askøy";"0";"0";"0";"458";"1861039";".."
"7320 FANNREM";"0";"0";"0";"346";"1158905";".."
"2643 SKÅBU";"52";"14633";"..";"144";"656045";".."
"0690 OSLO";"151";"37523";"..";"758";"1631014";".."
"3887 VINJE";"0";"0";"0";"432";"882160";".."
"8505 NARVIK";"0";"0";"0";"250";"445990";".."
"9650 AKKARFJORD";"0";"0";"0";"625";"1513389";".."
"9138 KARLSØY";"136";"66675";"..";"901";"2605267";".."
"0602 OSLO";"0";"0";"0";"818";"812984";".."
"4608 KRISTIANSAND S";"298";"120625";"..";"617";"1439219";".."
"1502 MOSS";"0";"0";"0";"1058";"3292356";".."
"2093 FEIRING";"0";"0";"0";"386";"724242";".."
"8622 MO I RANA";"199";"104971";"..";"313";"752532";".."
"5059 BERGEN";"108";"59371";"..";"648";"1792076";".."
"4817 HIS";"240";"71512";"..";"405";"1302799";".."
"2303 HAMAR";"84";"..";"..";"294";"716903";".."
"5509 HAUGESUND";"0";"0";"0";"513";"1494030";".."
"7250 MELANDSJØ";"0";"0";"0";"278";"663866";".."
"3117 TØNSBERG";"0";"0";"0";"692";"3022872";".."
"1506 Molde";"0";"0";"0";"478";"1945138";".."
"1120 Klepp";"159";"91045";"..";"474";"1907975";".."
"3411 Ringsaker";"0";"0";"0";"596";"2166930";".."
"0976 OSLO";"0";"0";"0";"270";"1207704";".."
"2212 KONGSVINGER";"0";"0";"0";"2033";"4122038";".."
"4624 Bjørnafjorden";"0";"0";"0";"601";"2426954";".."
"7356 SKAUN";"0";"0";"0";"388";"1101593";".."
"4404 FLEKKEFJORD";"81";"32550";"..";"231";"375844";".."
"4605 KRISTIANSAND S";"797";"248743";"..";"2560";"8140778";".."
"1806 SKIPTVET";"0";"0";"0";"679";"1721867";".."
"4809 ARENDAL";"0";"0";"0";"247";"653105";".."
"7273 NORDDYRØY";"0";"0";"0";"711";"2443326";".."
"8642 FINNEIDFJORD";"240";"125787";"..";"710";"1922091";".."
"6389 FIKSDAL";"60";"16631";"..";"174";"522844";".."
"4202 Grimstad";"0";"0";"0";"526";"1873518";".."
"7418 TRONDHEIM";"0";"0";"0";"323";"932064";".."
"5231 PARADIS";"0";"0";"0";"733";"1943216";".."
"7386 SINGSÅS";"0";"0";"0";"1043";"3221141";".."
"0883 OSLO";"0";"0";"0";"300";"421307";".."
"1508 MOSS";"344";"..";"..";"889";"675745";".."
"3884 RAULAND";"140";"64745";"..";"172";"271861";".."
"0480 OSLO";"139";"31184";"..";"509";"1302930";".."
"2166 OPPAKER";"0";"0";"0";"648";"1125684";".."
"1643 RÅDE";"0";"0";"0";"274";"455659";".."
"2241 MAGNOR";"198";"83498";"..";"917";"1999810";".."
"5861 BERGEN";"162";"83120";"..";"470";"1081572";".."
"4119 FORSAND";"84";"51017";"..";"176";"413193";".."
"4082 STAVANGER";"0";"0";"0";"786";"4605201";".."
"7105 STADSBYGD";"375";"79402";"..";"805";"1174861";".."
"6385 MÅNDALEN";"0";"0";"0";"369";"709764";".."
"0462 OSLO";"0";"0";"0";"518";"859750";".."
"5507 HAUGESUND";"341";"204841";"..";"1138";"2720598";".."
"7512 STJØRDAL";"0";"0";"0";"441";"1380087";".."
"3683 NOTODDEN";"0";"0";"0";"1457";"5878625";".."
"3405 Lillehammer";"0";"0";"0";"559";"2214742";".."
"0672 OSLO";"0";"0";"0";"503";"933271";".."
"4609 KARDEMOMME BY";"0";"0";"0";"245";"413932";".."
"1791 TISTEDAL";"192";"84501";"..";"404";"1054918";".."
"1088 OSLO";"0";"0";"0";"409";"1184532";".."
"4260 TORVASTAD";"133";"..";"..";"931";"2111230";".."
"7413 TRONDHEIM";"147";"82637";"..";"518";"1209981";".."
"1387 ASKER";"222";"84032";"..";"733";"1913735";".."
"2053 JESSHEIM";"100";"58877";"..";"740";"1632258";".."
"9536 KORSFJORDEN";"0";"0";"0";"590";"2164495";".."
"2866 ENGER";"203";"99396";"..";"667";"2622128";".."
"2486 RENDALEN";"50";"..";"..";"605";"1321819";".."
"8813 LØKTA";"0";"0";"0";"467";"747869";".."
"4649 FINSLAND";"0";"0";"0";"1292";"2445589";".."
"9545 LANGFJORDBOTN";"988";"512179";"..";"3368";"15096939";".."
"5862 BERGEN";"0";"0";"0";"683";"558153";".."
"3735 SKIEN";"372";"49574";"..";"1536";"3039411";".."
"1106 Haugesund";"302";"149814";"..";"738";"2349071";".."
"1149 Karmøy";"233";"100657";"..";"867";"2473139";".."
"8183 VÅGAHOLMEN";"138";"53717";"..";"1690";"5761627";".."
"8515 NARVIK";"0";"0";"0";"570";"1886934";".."
"6006 ÅLESUND";"0";"0";"0";"1061";"3164285";".."
"2460 OSEN";"0";"0";"0";"407";"1153104";".."
"7091 TILLER";"0";"0";"0";"538";"1178711";".."
"7028 TRONDHEIM";"0";"0";"0";"775";"1833578";".."
"1740 BORGENHAUGEN";"0";"0";"0";"435";"669440";".."
"2656 FOLLEBU";"244";"93301";"..";"754";"537770";".."
"4849 ARENDAL";"71";"17755";"..";"637";"1316933";".."
"1071 OSLO";"0";"0";"0";"864";"2398100";".."
"3852 VRÅDAL";"0";"0";"0";"330";"1278488";".."
"6611 FURUGRENDA";"133";"41926";"..";"503";"1110297";".."
"8619 MO I RANA";"0";"0";"0";"768";"1893857";".."
"4681 SØGNE";"0";"0";"0";"1465";"2391981";".."
"1530 MOSS";"0";"0";"0";"908";"2789983";".."
"4357 KLEPP STASJON";"292";"117331";"..";"894";"1327514";".."
"4626 Øygarden";"0";"0";"0";"719";"2599004";".."
"1087 OSLO (synt4640)";"327";"67519";"..";"1177";"1673682";".."
"6623 ÅLVUNDFJORD";"0";"0";"0";"676";"..";".."
"4203 Arendal";"0";"0";"0";"900";"2929244";".."
"1124 Sola";"139";"76363";"..";"635";"2784991";".."
"7391 RENNEBU";"0";"0";"0";"568";"..";".."
"1929 AULI";"127";"83039";"..";"442";"2005130";".."
"0840 OSLO";"0";"0";"0";"625";"955830";".."
"0452 OSLO";"0";"0";"0";"339";"1357733";".."
"4174 SJERNARØY";"0";"0";"0";"1035";"1381316";".."
"5938 SÆBØVÅGEN";"0";"0";"0";"664";"2126709";".."
"5428 FOLDRØYHAMN";"0";"0";"0";"362";"966522";".."
"3403 Hamar";"0";"0";"0";"553";"2807183";".."
"3277 STEINSHOLT";"0";"0";"0";"983";"1261203";".."
"6795 BLAKSÆTER";"0";"0";"0";"432";"..";".."
"3844 ÅMOTSDAL (synt4290)";"354";"94837";"..";"520";"1093406";".."
"8865 TRO";"190";"50869";"..";"1367";"1533551";".."
"9700 LAKSELV";"277";"132034";"..";"1660";"7291810";".."
"2091 HURDAL";"378";"192345";"..";"763";"2835671";".."
"9519 KVIBY";"121";"39773";"..";"1307";"3588640";".."
"9119 SOMMARØYA";"209";"118071";"..";"1391";"4176521";".."
"0140 OSLO";"235";"41785";"..";"540";"1311446";".."
"1056 OSLO";"127";"43371";"..";"495";"1177910";".."
"8640 HEMNESBERGET";"7";"3805";"..";"436";"1410309";".."
"4076 VASSØY";"197";"35657";"..";"715";"..";".."
"4123 SØR-HIDLE";"290";"108346";"..";"1228";"2776260";".."
"3188 HORTEN";"61";"23879";"..";"259";"827817";".."
"0558 OSLO";"2339";"1174583";"..";"1724";"3459361";".."
"8891 LEIRFJORD";"196";"75804";"..";"668";"1874880";".."
"0170 OSLO";"0";"0";"0";"1422";"2707621";".."
"1348 RYKKINN";"0";"0";"0";"2412";"6070710";".."
"6873 MARIFJØRA";"67";"30217";"..";"1166";"2159504";".."
"3882 ÅMDALS VERK";"0";"0";"0";"1601";"5632208";".."
"9280 TROMSØ";"240";"142465";"..";"934";"2956200";".."
"2407 ELVERUM";"0";"0";"0";"505";"1122799";".."
"7053 RANHEIM";"279";"..";"..";"595";"2454901";".."
"7520 HEGRA";"146";"46555";"..";"167";"585057";".."
"8603 MO I RANA";"0";"0";"0";"527";"651319";".."
"3201 SANDEFJORD";"0";"0";"0";"678";"3759553";".."
"0472 OSLO";"124";"42461";"..";"249";"322217";".."
"1151 OSLO";"267";"58773";"..";"514";"601985";".."
"4554 FARSUND";"127";"27883";"..";"574";"2513366";".."
"4955 RISØR";"313";"74745";"..";"1031";"2508224";".."
"5019 BERGEN";"249";"102446";"..";"1098";"3562123";".."
"6281 SØVIK";"0";"0";"0";"282";"617161";".."
"4088 STAVANGER";"0";"0";"0";"1860";"4707682";".."
"3520 JEVNAKER";"0";"0";"0";"1011";"3131782";".."
"5337 RONG";"293";"72342";"..";"480";"874769";".."
"0786 OSLO";"1741";"425431";"..";"3133";"9374036";".."
"8801 SANDNESSJØEN";"1266";"331734";"..";"4140";"7056560";".."
"8193 RØDØY";"220";"132728";"..";"1232";"4407442";".."
"5145 FYLLINGSDALEN";"245";"89327";"..";"707";"2257924";".."
"9285 TROMSØ";"0";"0";"0";"539";"1442788";".."
"5649 EIKELANDSOSEN";"953";"235082";"..";"2443";"4522051";".."
"8402 SORTLAND";"1073";"762941";"..";"2708";"5779871";".."
"0873 OSLO";"0";"0";"0";"2877";"11137947";".."
"1637 GAMLE FREDRIKSTAD";"166";"37663";"..";"796";"1554903";".."
"8513 ANKENES";"321";"76247";"..";"1046";"4351506";".."
"1804 Bodø";"249";"143093";"..";"889";"4263341";".."
"7430 TRONDHEIM";"599";"107633";"..";"689";"1075573";".."
"0169 OSLO";"0";"0";"0";"2715";"7503995";".."
"8984 VEGA";"0";"0";"0";"375";"1013765";".."
"6503 KRISTIANSUND N";"245";"89582";"..";"845";"2679510";".."
"0015 OSLO";"329";"164180";"..";"1129";"2768998";".."
"7372 GLÅMOS";"191";"98413";"..";"1135";"1957161";".."
"0860 OSLO";"1239";"466821";"..";"1304";"2730345";".."
"9498 HARSTAD";"326";"89413";"..";"748";"..";".."
"8185 VÅGAHOLMEN";"1445";"783295";"..";"3676";"13930242";".."
"9152 SØRKJOSEN";"0";"0";"0";"2901";"8106877";".."
"3229 SANDEFJORD";"1836";"501412";"..";"2505";"5625090";".."
"4013 STAVANGER";"0";"0";"0";"2107";"5140464";".."
"5785 VØRINGSFOSS";"255";"118320";"..";"1228";"1501892";".."
"9135 VANNVÅG";"0";"0";"0";"2834";"10665169";".."
"8398 REINE";"0";"0";"0";"1942";"2726091";".."
"6808 FØRDE";"989";"451773";"..";"6277";"20533851";".."
"9068 NORD-LENANGEN";"1148";"138690";"..";"3862";"11351682";".."
"3342 ÅMOT";"1325";"475753";"..";"3830";"7446465";".."
"0956 OSLO";"887";"472315";"..";"6362";"8864639";".."
"0559 OSLO";"0";"0";"0";"1500";"3305909";".."
"4312 SANDNES";"0";"0";"0";"3261";"10901413";".."
"1108 Sandnes";"0";"0";"0";"1910";"8226823";".."
"5303 FOLLESE";"0";"0";"0";"3776";"3235295";".."
"3228 SANDEFJORD";"0";"0";"0";"2762";"7796763";".."
"6140 SYVDE";"0";"0";"0";"2484";"..";".."
"7446 TRONDHEIM";"1041";"424892";"..";"2947";"4928832";".."
"2114 DISENÅ";"730";"248123";"..";"2042";"6135724";".."
"6879 SOLVORN";"0";"0";"0";"1634";"..";".."
"8102 SKJERSTAD";"0";"0";"0";"7427";"17095620";".."
"7300 ORKANGER";"755";"141015";"..";"1781";"5606294";".."
"7742 YTTERVÅG";"0";"0";"0";"4446";"6072729";".."
"5586 VIKEDAL";"1511";"895203";"..";"2461";"7237899";".."
"5130 NYBORG";"0";"0";"0";"4794";"14126945";".."
"0668 OSLO";"0";"0";"0";"9908";"46351950";".."
"8218 FAUSKE";"0";"0";"0";"4606";"8814100";".."
"4854 NEDENES";"0";"0";"0";"3773";"9349307";".."
"4204 Kristiansand";"0";"0";"0";"2448";"10431797";".."
"1152 OSLO";"980";"282006";"..";"1834";"2311770";".."
"4613 KRISTIANSAND S";"2388";"1250674";"..";"3705";"17860020";".."
"1103 Stavanger";"1288";"820152";"..";"2765";"13680858";".."
"0175 OSLO";"0";"0";"0";"4303";"19947679";".."
"1544 VESTBY";"0";"0";"0";"3930";"12116514";".."
"3148 HVASSER";"0";"0";"0";"2109";"7142537";".."
"8866 MINDLANDET";"0";"0";"0";"2941";"9333923";".."
"7270 DYRVIK";"0";"0";"0";"9502";"17144381";".."
"5282 LONEVÅG";"0";"0";"0";"5251";"8726305";".."
"6632 BATNFJORDSØRA";"0";"0";"0";"5548";"8828719";".."
"0556 OSLO";"12";"4899";"..";"5216";"14145971";".."
"6453 KLEIVE";"7755";"2142405";"..";"8435";"20266922";".."
"3076 SANDE I VESTFOLD";"0";"0";"0";"4139";"9261844";".."
"7620 SKOGN";"0";"0";"0";"7692";"13650791";".."
"2427 PLASSEN";"0";"0";"0";"2254";"8864075";".."
"7295 ROGNES";"0";"0";"0";"2902";"6377009";".."
"0349 OSLO";"5027";"2032817";"..";"10771";"26338776";".."
"7980 TERRÅK";"10087";"4908984";"..";"16943";"42876680";".."
"6020 ÅLESUND";"3455";"1380728";"..";"12722";"50062230";".."
"5039 BERGEN";"1718";"950553";"..";"3580";"5077175";".."
"1634 GAMLE FREDRIKSTAD";"3091";"..";"..";"7472";"10621174";".."
"1651 SELLEBAKK";"5118";"1247183";"..";"25000";"103206028";".."
"5001 Trondheim - Tråante";"0";"0";"0";"4527";"22584809";".."
"9350 SJØVEGAN";"3823";"1241796";"..";"7348";"20157192";".."
"4601 Bergen";"0";"0";"0";"5043";"24646818";".."
"2624 LILLEHAMMER";"849";"381184";"..";"3026";"10235192";".."
"6809 FØRDE";"3782";"1254186";"..";"13604";"45293136";".."
"8455 STOKMARKNES";"3477";"1775678";"..";"10219";"24123999";".."
"0517 OSLO";"7993";"3252855";"..";"14727";"29007157";".."
"9040 NORDKJOSBOTN";"4866";"1851355";"..";"8376";"10400921";".."
"9373 BOTNHAMN";"3527";"1242515";"..";"13138";"24578697";".."
"0858 OSLO";"3489";"832583";"..";"8382";"10372307";".."
"4823 NEDENES";"6241";"2374488";"..";"9080";"30075760";".."
"5043 BERGEN";"9032";"3723218";"..";"4313";"13306663";".."
"0487 OSLO";"3878";"1972016";"..";"17050";"39862713";".."
"9020 TROMSDALEN";"5017";"2000679";"..";"17235";"81911635";".."
"0301 Oslo - Oslove";"5403";"4003535";"..";"10597";"85216281";".."
